Estimate,Std. Error,z value,Pr(z),paras,AIC,loglik,strain,exposure_hypothesis,rho,waning,boundaries
5.703952951238276,5.444291171844877,1.0476943225844053,0.2947794641589736,rho_m,75.29044701004675,-34.645223505023374,HKU1_S1,Binary,rho_05,Direct,Bounded
1,0.6485989977579668,1.5417846827650559,0.12312592544170493,lambda_0,75.29044701004675,-34.645223505023374,HKU1_S1,Binary,rho_05,Direct,Bounded
0.5056998412223139,0.08640082552036864,5.852951498745776,4.829249929548722e-9,sigma,75.29044701004675,-34.645223505023374,HKU1_S1,Binary,rho_05,Direct,Bounded
5.460175525072255,4.145634030294605,1.3170905789492067,0.1878082645512895,rho_m,75.94921926795975,-34.974609633979874,a_229E_S1,Binary,rho_05,Direct,Bounded
1,0.6035797894942435,1.656781783296502,0.09756360128671307,lambda_0,75.94921926795975,-34.974609633979874,a_229E_S1,Binary,rho_05,Direct,Bounded
0.501425580908008,0.07995400523846949,6.271425420308394,3.577576516065891e-10,sigma,75.94921926795975,-34.974609633979874,a_229E_S1,Binary,rho_05,Direct,Bounded
8.371163553286403,9.13675889311665,0.9162071201849243,0.3595582717062671,rho_m,81.90388409998732,-37.95194204999366,NL63_S1,Binary,rho_05,Direct,Bounded
1,0.6547098739510364,1.5273941020092003,0.1266630421833367,lambda_0,81.90388409998732,-37.95194204999366,NL63_S1,Binary,rho_05,Direct,Bounded
0.5335130612500868,0.09358214561979884,5.701013347328225,1.1909730956634427e-8,sigma,81.90388409998732,-37.95194204999366,NL63_S1,Binary,rho_05,Direct,Bounded
6.581783273963503,6.5711960911903,1.0016111500290483,0.31653143369164205,rho_m,85.5390351676887,-39.76951758384435,OC43_HE,Binary,rho_05,Direct,Bounded
1,0.6513607276290193,1.5352476094775356,0.12472301775417548,lambda_0,85.5390351676887,-39.76951758384435,OC43_HE,Binary,rho_05,Direct,Bounded
0.5360391708032325,0.09074177994219268,5.907302800812568,3.4775421415932185e-9,sigma,85.5390351676887,-39.76951758384435,OC43_HE,Binary,rho_05,Direct,Bounded
5.066665253487881,1.682220068791999,3.011892051154906,0.002596249051584712,rho_m,-8.78240733443587,7.391203667217935,HKU1_S1,Binary,rho_95,Direct,Bounded
0.8972525711874246,0.12111763549017888,7.408108386166278,1.2811358327088924e-13,lambda_0,-8.78240733443587,7.391203667217935,HKU1_S1,Binary,rho_95,Direct,Bounded
0.20675976538258786,0.021325656597365964,9.695352845929525,3.15545092627108e-22,sigma,-8.78240733443587,7.391203667217935,HKU1_S1,Binary,rho_95,Direct,Bounded
4.7004731470249395,1.461466394900335,3.216271796208827,0.0012986777282662898,rho_m,2.43306096051241,1.783469519743795,a_229E_S1,Binary,rho_95,Direct,Bounded
0.7903107151171427,0.11475810759885904,6.886752767653692,5.708029497004506e-12,lambda_0,2.43306096051241,1.783469519743795,a_229E_S1,Binary,rho_95,Direct,Bounded
0.23314527185467485,0.023795311561180598,9.797949955613332,1.1489373168913064e-22,sigma,2.43306096051241,1.783469519743795,a_229E_S1,Binary,rho_95,Direct,Bounded
6.590571128573089,2.112055246025897,3.120453946919284,0.001805725307907053,rho_m,-23.694167203632137,14.847083601816069,NL63_S1,Binary,rho_95,Direct,Bounded
1,0.10610885173285091,9.424284436869499,4.330481475280627e-21,lambda_0,-23.694167203632137,14.847083601816069,NL63_S1,Binary,rho_95,Direct,Bounded
0.17759462848506552,0.018164646733478233,9.776938197083178,1.4142410350744967e-22,sigma,-23.694167203632137,14.847083601816069,NL63_S1,Binary,rho_95,Direct,Bounded
5.432481998323257,1.5938306975541687,3.408443573498575,6.533459583930385e-4,rho_m,-19.658344660105662,12.829172330052831,OC43_HE,Binary,rho_95,Direct,Bounded
1,0.114598246308288,8.726137024032957,2.6351936992768586e-18,lambda_0,-19.658344660105662,12.829172330052831,OC43_HE,Binary,rho_95,Direct,Bounded
0.18721061200416453,0.018724121177790463,9.998365756477991,1.549326917123094e-23,sigma,-19.658344660105662,12.829172330052831,OC43_HE,Binary,rho_95,Direct,Bounded
341.50792245916523,2.031324758692663e-5,16812078.964613996,0,rho_m,-37.13711364194518,25.56855682097259,HKU1_S1,Ordered,rho_05,Direct,Bounded
1,NA,NA,NA,b0,-37.13711364194518,25.56855682097259,HKU1_S1,Ordered,rho_05,Direct,Bounded
1,NA,NA,NA,b1,-37.13711364194518,25.56855682097259,HKU1_S1,Ordered,rho_05,Direct,Bounded
1,NA,NA,NA,b2,-37.13711364194518,25.56855682097259,HKU1_S1,Ordered,rho_05,Direct,Bounded
394.3444087670243,6.604380339355153e-5,5970952.43617553,0,b3,-37.13711364194518,25.56855682097259,HKU1_S1,Ordered,rho_05,Direct,Bounded
0.03530542418921018,0.01620815054941941,2.178251249676037,0.02938733644059896,lambda_4,-37.13711364194518,25.56855682097259,HKU1_S1,Ordered,rho_05,Direct,Bounded
0.19754235858886524,0.00748843724617363,26.379650666072358,2.346015712751095e-153,sigma,-37.13711364194518,25.56855682097259,HKU1_S1,Ordered,rho_05,Direct,Bounded
13.295955804586434,NA,NA,NA,rho_m,-79.44264375083152,46.72132187541576,HKU1_S1,Ordered,rho_05,Direct,Unbounded
0.005333912972060975,NA,NA,NA,b0,-79.44264375083152,46.72132187541576,HKU1_S1,Ordered,rho_05,Direct,Unbounded
7.802109734657839,NA,NA,NA,b1,-79.44264375083152,46.72132187541576,HKU1_S1,Ordered,rho_05,Direct,Unbounded
11.736066531136808,NA,NA,NA,b2,-79.44264375083152,46.72132187541576,HKU1_S1,Ordered,rho_05,Direct,Unbounded
13.521422499934634,5.194633108916387,2.6029600582812353,0.009242272045166767,b3,-79.44264375083152,46.72132187541576,HKU1_S1,Ordered,rho_05,Direct,Unbounded
0.9999417575078047,0.3950949837660604,2.5308895293387983,0.011377367563857078,lambda_4,-79.44264375083152,46.72132187541576,HKU1_S1,Ordered,rho_05,Direct,Unbounded
0.16639581710468254,0.01065912405644521,15.61064644932701,6.1609566544143364e-55,sigma,-79.44264375083152,46.72132187541576,HKU1_S1,Ordered,rho_05,Direct,Unbounded
5.9082716410747675,2.4833292199151633,2.3791737292394153,0.017351496070390427,rho_m,-41.556116556783124,27.778058278391562,HKU1_S1,Ordered,rho_05,Laddered,Bounded
1,NA,NA,NA,b0,-41.556116556783124,27.778058278391562,HKU1_S1,Ordered,rho_05,Laddered,Bounded
1,NA,NA,NA,b1,-41.556116556783124,27.778058278391562,HKU1_S1,Ordered,rho_05,Laddered,Bounded
1,NA,NA,NA,b2,-41.556116556783124,27.778058278391562,HKU1_S1,Ordered,rho_05,Laddered,Bounded
14.608023937926445,29.587331777667504,0.49372562716022167,0.621499963907644,b3,-41.556116556783124,27.778058278391562,HKU1_S1,Ordered,rho_05,Laddered,Bounded
0.35547150897503443,0.7292208786773046,0.48746754154900984,0.6259270395023595,lambda_4,-41.556116556783124,27.778058278391562,HKU1_S1,Ordered,rho_05,Laddered,Bounded
0.19410527221227383,0.0057674109551522305,33.65552996338379,2.588050426492737e-248,sigma,-41.556116556783124,27.778058278391562,HKU1_S1,Ordered,rho_05,Laddered,Bounded
5.900221528747604,1.2252701201038259,4.815445534775333,1.468718210086987e-6,rho_m,-282.4699766108464,148.2349883054232,HKU1_S1,Ordered,rho_05,Laddered,Unbounded
0.002470218303622841,NA,NA,NA,b0,-282.4699766108464,148.2349883054232,HKU1_S1,Ordered,rho_05,Laddered,Unbounded
1.6347615366047599,NA,NA,NA,b1,-282.4699766108464,148.2349883054232,HKU1_S1,Ordered,rho_05,Laddered,Unbounded
5.804224672489123,NA,NA,NA,b2,-282.4699766108464,148.2349883054232,HKU1_S1,Ordered,rho_05,Laddered,Unbounded
7.883412065618837,1.024550051024997,7.694511417701835,1.4203586250524747e-14,b3,-282.4699766108464,148.2349883054232,HKU1_S1,Ordered,rho_05,Laddered,Unbounded
1,0.11570258855220579,8.642848984738084,5.482836892133219e-18,lambda_4,-282.4699766108464,148.2349883054232,HKU1_S1,Ordered,rho_05,Laddered,Unbounded
0.07486701752104488,0.005391466847011467,13.88620567379437,7.679714373755216e-44,sigma,-282.4699766108464,148.2349883054232,HKU1_S1,Ordered,rho_05,Laddered,Unbounded
9.830411259267763,6.106671720086063,1.6097821710201936,0.10744541877816036,rho_m,-15.823572030161777,13.911786015080889,a_229E_S1,Ordered,rho_05,Direct,Bounded
1,NA,NA,NA,b0,-15.823572030161777,13.911786015080889,a_229E_S1,Ordered,rho_05,Direct,Bounded
1,0.9604053829464433,1.041226983684831,0.29777021508989326,b1,-15.823572030161777,13.911786015080889,a_229E_S1,Ordered,rho_05,Direct,Bounded
7.9808061009842985,5.9358459803192956,1.3445103069461721,0.1787834257354701,b2,-15.823572030161777,13.911786015080889,a_229E_S1,Ordered,rho_05,Direct,Bounded
1,1.3614494672793287,0.7345112867085429,0.4626371838355319,lambda_3,-15.823572030161777,13.911786015080889,a_229E_S1,Ordered,rho_05,Direct,Bounded
0.21394152770860977,0.0151934476488296,14.081170558091888,4.95816582118412e-45,sigma,-15.823572030161777,13.911786015080889,a_229E_S1,Ordered,rho_05,Direct,Bounded
9.458499301519911,5.145954137848998,1.8380457827930725,0.06605565928853366,rho_m,-35.76705586465218,23.88352793232609,a_229E_S1,Ordered,rho_05,Direct,Unbounded
0.1320329507271444,0.12656297533501074,1.0432193963333647,0.29684669214741904,b0,-35.76705586465218,23.88352793232609,a_229E_S1,Ordered,rho_05,Direct,Unbounded
3.260203323463371,3.4524033213786995,0.9443286371771377,0.3450017363061344,b1,-35.76705586465218,23.88352793232609,a_229E_S1,Ordered,rho_05,Direct,Unbounded
12.351459273906382,7.2088774356910665,1.7133679111749707,0.08664487584417996,b2,-35.76705586465218,23.88352793232609,a_229E_S1,Ordered,rho_05,Direct,Unbounded
1,0.7051709621817313,1.418095828713786,0.15616278893764368,lambda_3,-35.76705586465218,23.88352793232609,a_229E_S1,Ordered,rho_05,Direct,Unbounded
0.19588020947828316,0.01498213334144489,13.074253513444722,4.620777317617645e-39,sigma,-35.76705586465218,23.88352793232609,a_229E_S1,Ordered,rho_05,Direct,Unbounded
6.54002868580467,2.757867999284908,2.3714074377382985,0.017720484644991333,rho_m,-20.003540417711825,16.001770208855913,a_229E_S1,Ordered,rho_05,Laddered,Bounded
1,NA,NA,NA,b0,-20.003540417711825,16.001770208855913,a_229E_S1,Ordered,rho_05,Laddered,Bounded
1,NA,NA,NA,b1,-20.003540417711825,16.001770208855913,a_229E_S1,Ordered,rho_05,Laddered,Bounded
3.723865557710062,4.150437129054461,0.8972224953467544,0.3696002038202142,b2,-20.003540417711825,16.001770208855913,a_229E_S1,Ordered,rho_05,Laddered,Bounded
1,0.96437668831899,1.0369392086230382,0.2997641894896812,lambda_3,-20.003540417711825,16.001770208855913,a_229E_S1,Ordered,rho_05,Laddered,Bounded
0.21002115747099823,0.009563464450127675,21.960781949494713,6.831338278722463e-107,sigma,-20.003540417711825,16.001770208855913,a_229E_S1,Ordered,rho_05,Laddered,Bounded
9.331130117603198,0.17384949186614956,53.67361168238234,0,rho_m,-130.4775904407593,71.23879522037964,a_229E_S1,Ordered,rho_05,Laddered,Unbounded
0.003481555842384068,0.0018842780045789666,1.8476869304442187,0.0646476457461225,b0,-130.4775904407593,71.23879522037964,a_229E_S1,Ordered,rho_05,Laddered,Unbounded
6.3317253973343455,1.6988103685733968,3.7271525500821574,1.936552554630328e-4,b1,-130.4775904407593,71.23879522037964,a_229E_S1,Ordered,rho_05,Laddered,Unbounded
10.575086925191645,1.661554732805316,6.364573321841169,1.9583335573829022e-10,b2,-130.4775904407593,71.23879522037964,a_229E_S1,Ordered,rho_05,Laddered,Unbounded
1,0.3013306287499451,3.31861385664129,9.046543367896598e-4,lambda_3,-130.4775904407593,71.23879522037964,a_229E_S1,Ordered,rho_05,Laddered,Unbounded
0.12849960318663625,0.012736838337619032,10.088814804778107,6.191250548548487e-24,sigma,-130.4775904407593,71.23879522037964,a_229E_S1,Ordered,rho_05,Laddered,Unbounded
10.301001094183345,6.639491576412752,1.5514743825835033,0.12078804182114813,rho_m,-36.800776363018606,24.400388181509303,NL63_S1,Ordered,rho_05,Direct,Bounded
1,NA,NA,NA,b0,-36.800776363018606,24.400388181509303,NL63_S1,Ordered,rho_05,Direct,Bounded
1,0.3593555829524189,2.782759048250008,0.005389881821332334,b1,-36.800776363018606,24.400388181509303,NL63_S1,Ordered,rho_05,Direct,Bounded
12.428043153716418,7.223786861766481,1.7204332563429627,0.0853537162015742,b2,-36.800776363018606,24.400388181509303,NL63_S1,Ordered,rho_05,Direct,Bounded
1,0.5927188951650452,1.6871404103315208,0.09157635633354702,lambda_3,-36.800776363018606,24.400388181509303,NL63_S1,Ordered,rho_05,Direct,Bounded
0.19534736858531132,0.00982610467579756,19.880448563352545,6.009419628670438e-88,sigma,-36.800776363018606,24.400388181509303,NL63_S1,Ordered,rho_05,Direct,Bounded
10.35535009128084,5.693884296037314,1.8186794028265898,0.0689603558926372,rho_m,-61.08507439509444,36.54253719754722,NL63_S1,Ordered,rho_05,Direct,Unbounded
0.08686519884518533,0.07512562318768577,1.1562659337703018,0.2475723980084317,b0,-61.08507439509444,36.54253719754722,NL63_S1,Ordered,rho_05,Direct,Unbounded
5.8720727540683795,5.093997588503028,1.1527435284463894,0.24901566937491545,b1,-61.08507439509444,36.54253719754722,NL63_S1,Ordered,rho_05,Direct,Unbounded
14.378660108010843,5.942472193192193,2.41964280867537,0.015535759128229708,b2,-61.08507439509444,36.54253719754722,NL63_S1,Ordered,rho_05,Direct,Unbounded
1,0.424450297937244,2.355988451085626,0.01847349202486361,lambda_3,-61.08507439509444,36.54253719754722,NL63_S1,Ordered,rho_05,Direct,Unbounded
0.17562289402859077,0.011681773917374455,15.033923381052988,4.4014611402459836e-51,sigma,-61.08507439509444,36.54253719754722,NL63_S1,Ordered,rho_05,Direct,Unbounded
6.3374701823391115,3.0539625608995395,2.0751630237642535,0.03797142830351928,rho_m,-43.51853387902566,27.75926693951283,NL63_S1,Ordered,rho_05,Laddered,Bounded
1,NA,NA,NA,b0,-43.51853387902566,27.75926693951283,NL63_S1,Ordered,rho_05,Laddered,Bounded
1,NA,NA,NA,b1,-43.51853387902566,27.75926693951283,NL63_S1,Ordered,rho_05,Laddered,Bounded
5.479475541564713,3.4196982700327725,1.6023271964026817,0.10908327470479921,b2,-43.51853387902566,27.75926693951283,NL63_S1,Ordered,rho_05,Laddered,Bounded
1,0.6295026829786607,1.5885555805230755,0.11216076338697313,lambda_3,-43.51853387902566,27.75926693951283,NL63_S1,Ordered,rho_05,Laddered,Bounded
0.18967591786316365,0.0070520294523832554,26.89664289462973,2.404062207953997e-159,sigma,-43.51853387902566,27.75926693951283,NL63_S1,Ordered,rho_05,Laddered,Bounded
5.407465762690415,0.8121847939901229,6.657925391738098,2.7771968012474288e-11,rho_m,-262.6691677353168,137.3345838676584,NL63_S1,Ordered,rho_05,Laddered,Unbounded
0.003816881039509201,5.739787788110832e-4,6.649864385954018,2.9336319551374634e-11,b0,-262.6691677353168,137.3345838676584,NL63_S1,Ordered,rho_05,Laddered,Unbounded
7.069936458549829,0.004063286239564228,1739.955307531584,0,b1,-262.6691677353168,137.3345838676584,NL63_S1,Ordered,rho_05,Laddered,Unbounded
12.998122371803802,0.03571274514688779,363.9631262828456,0,b2,-262.6691677353168,137.3345838676584,NL63_S1,Ordered,rho_05,Laddered,Unbounded
1,0.07650634702389726,13.070810970593636,4.83473365303228e-39,lambda_3,-262.6691677353168,137.3345838676584,NL63_S1,Ordered,rho_05,Laddered,Unbounded
0.0729454689477269,0.0051519189728468215,14.158892896450011,1.6456631931195558e-45,sigma,-262.6691677353168,137.3345838676584,NL63_S1,Ordered,rho_05,Laddered,Unbounded
11.09760625715523,6.792654380819627,1.6337657762319642,0.10230804101878449,rho_m,-39.351226528301005,25.675613264150503,OC43_HE,Ordered,rho_05,Direct,Bounded
1,NA,NA,NA,b0,-39.351226528301005,25.675613264150503,OC43_HE,Ordered,rho_05,Direct,Bounded
1,0.3164249597961055,3.1603069512732787,0.0015760300683577947,b1,-39.351226528301005,25.675613264150503,OC43_HE,Ordered,rho_05,Direct,Bounded
10.280677009683494,5.466493548476729,1.880671205136292,0.060016658997452926,b2,-39.351226528301005,25.675613264150503,OC43_HE,Ordered,rho_05,Direct,Bounded
1,0.6170576691307343,1.6205940709054418,0.10510472465508522,lambda_3,-39.351226528301005,25.675613264150503,OC43_HE,Ordered,rho_05,Direct,Bounded
0.19355291245136488,0.004150133368613379,46.63775721406124,0,sigma,-39.351226528301005,25.675613264150503,OC43_HE,Ordered,rho_05,Direct,Bounded
11.230761989411008,6.248285693615055,1.7974149294881638,0.07226977236128948,rho_m,-55.13664224824133,33.568321124120665,OC43_HE,Ordered,rho_05,Direct,Unbounded
0.19568170526151016,0.13390116089381202,1.461389161642087,0.14390867338825514,b0,-55.13664224824133,33.568321124120665,OC43_HE,Ordered,rho_05,Direct,Unbounded
3.422760682783945,2.4589325362542658,1.3919701465245953,0.1639314383123728,b1,-55.13664224824133,33.568321124120665,OC43_HE,Ordered,rho_05,Direct,Unbounded
10.971211291936518,5.703267248215819,1.9236712597272547,0.0543958026977815,b2,-55.13664224824133,33.568321124120665,OC43_HE,Ordered,rho_05,Direct,Unbounded
1,0.6033140751483056,1.6575114707114726,0.09741611171719212,lambda_3,-55.13664224824133,33.568321124120665,OC43_HE,Ordered,rho_05,Direct,Unbounded
0.1807050753037481,0.013231953708621664,13.656719127274792,1.8409293567761712e-42,sigma,-55.13664224824133,33.568321124120665,OC43_HE,Ordered,rho_05,Direct,Unbounded
6.9618482086642315,2.889283185462526,2.4095416619917636,0.01597257230054055,rho_m,-51.18360222572014,31.59180111286007,OC43_HE,Ordered,rho_05,Laddered,Bounded
1,NA,NA,NA,b0,-51.18360222572014,31.59180111286007,OC43_HE,Ordered,rho_05,Laddered,Bounded
1,NA,NA,NA,b1,-51.18360222572014,31.59180111286007,OC43_HE,Ordered,rho_05,Laddered,Bounded
4.483009711965684,3.2637125452177034,1.3735920825915287,0.16956835626165961,b2,-51.18360222572014,31.59180111286007,OC43_HE,Ordered,rho_05,Laddered,Bounded
1,0.6364737071380472,1.5711568110120002,0.11614622921948779,lambda_3,-51.18360222572014,31.59180111286007,OC43_HE,Ordered,rho_05,Laddered,Bounded
0.18384796968947464,0.006025343420496443,30.512446653924822,1.781866289922633e-204,sigma,-51.18360222572014,31.59180111286007,OC43_HE,Ordered,rho_05,Laddered,Bounded
6.659774014126581,1.5970766806769368,4.16997761892295,3.046295540039698e-5,rho_m,-176.58611703225316,94.29305851612658,OC43_HE,Ordered,rho_05,Laddered,Unbounded
0.008071342462597223,0.0028277879689801093,2.8542954956797177,0.004313239152552467,b0,-176.58611703225316,94.29305851612658,OC43_HE,Ordered,rho_05,Laddered,Unbounded
5.351278406514924,1.6944238042663997,3.1581699885476753,0.0015876295140761333,b1,-176.58611703225316,94.29305851612658,OC43_HE,Ordered,rho_05,Laddered,Unbounded
9.631937796652009,NA,NA,NA,b2,-176.58611703225316,94.29305851612658,OC43_HE,Ordered,rho_05,Laddered,Unbounded
1,NA,NA,NA,lambda_3,-176.58611703225316,94.29305851612658,OC43_HE,Ordered,rho_05,Laddered,Unbounded
0.1067969668434413,NA,NA,NA,sigma,-176.58611703225316,94.29305851612658,OC43_HE,Ordered,rho_05,Laddered,Unbounded
123.88024520824321,NA,NA,NA,rho_m,-98.37171721922797,56.18585860961399,HKU1_S1,Ordered,rho_95,Direct,Bounded
1,NA,NA,NA,b0,-98.37171721922797,56.18585860961399,HKU1_S1,Ordered,rho_95,Direct,Bounded
1,NA,NA,NA,b1,-98.37171721922797,56.18585860961399,HKU1_S1,Ordered,rho_95,Direct,Bounded
1,NA,NA,NA,b2,-98.37171721922797,56.18585860961399,HKU1_S1,Ordered,rho_95,Direct,Bounded
110.84346486403058,NA,NA,NA,b3,-98.37171721922797,56.18585860961399,HKU1_S1,Ordered,rho_95,Direct,Bounded
0.0125,0.003635981495020546,3.4378612809549973,5.863279832361252e-4,lambda_4,-98.37171721922797,56.18585860961399,HKU1_S1,Ordered,rho_95,Direct,Bounded
0.15491768953898571,NA,NA,NA,sigma,-98.37171721922797,56.18585860961399,HKU1_S1,Ordered,rho_95,Direct,Bounded
32.692695598516295,0.003601121577845446,9078.475939175694,0,rho_m,-148.02398715834315,81.01199357917157,HKU1_S1,Ordered,rho_95,Direct,Unbounded
0.005763978272883838,0.0011369016950920688,5.0699003245105185,3.9802409853666367e-7,b0,-148.02398715834315,81.01199357917157,HKU1_S1,Ordered,rho_95,Direct,Unbounded
7.3010929751955285,0.09218916881454493,79.19686302718476,0,b1,-148.02398715834315,81.01199357917157,HKU1_S1,Ordered,rho_95,Direct,Unbounded
16.38182770731825,0.004924082089690237,3326.879489198117,0,b2,-148.02398715834315,81.01199357917157,HKU1_S1,Ordered,rho_95,Direct,Unbounded
17.583155824123004,3.9935764207985818,4.402859485184701,1.0683336364458477e-5,b3,-148.02398715834315,81.01199357917157,HKU1_S1,Ordered,rho_95,Direct,Unbounded
0.06279692107902977,0.015115234393608108,4.154544973883116,3.2593550733990196e-5,lambda_4,-148.02398715834315,81.01199357917157,HKU1_S1,Ordered,rho_95,Direct,Unbounded
0.12718043477539862,0.008113747063728315,15.674685663291855,2.253370147745538e-55,sigma,-148.02398715834315,81.01199357917157,HKU1_S1,Ordered,rho_95,Direct,Unbounded
5.713648928037179,1.3547306719547878,4.2175533826164555,2.469673642811244e-5,rho_m,-178.01025950986997,96.00512975493498,HKU1_S1,Ordered,rho_95,Laddered,Bounded
1,NA,NA,NA,b0,-178.01025950986997,96.00512975493498,HKU1_S1,Ordered,rho_95,Laddered,Bounded
1,NA,NA,NA,b1,-178.01025950986997,96.00512975493498,HKU1_S1,Ordered,rho_95,Laddered,Bounded
1,NA,NA,NA,b2,-178.01025950986997,96.00512975493498,HKU1_S1,Ordered,rho_95,Laddered,Bounded
32.222698190685634,2.2590221120393408e-4,142640.03003315657,0,b3,-178.01025950986997,96.00512975493498,HKU1_S1,Ordered,rho_95,Laddered,Bounded
0.021891799618047374,NA,NA,NA,lambda_4,-178.01025950986997,96.00512975493498,HKU1_S1,Ordered,rho_95,Laddered,Bounded
0.11298894570603897,NA,NA,NA,sigma,-178.01025950986997,96.00512975493498,HKU1_S1,Ordered,rho_95,Laddered,Bounded
5.855765345111138,0.9236050968530443,6.340118049438238,2.2958917642697525e-10,rho_m,-333.5313952912756,173.7656976456378,HKU1_S1,Ordered,rho_95,Laddered,Unbounded
0.1398623103452331,0.05114097568050854,2.7348385220295888,0.006241088434775483,b0,-333.5313952912756,173.7656976456378,HKU1_S1,Ordered,rho_95,Laddered,Unbounded
1.4510688374285519,0.5546655083846247,2.616115145963483,0.008893656003744916,b1,-333.5313952912756,173.7656976456378,HKU1_S1,Ordered,rho_95,Laddered,Unbounded
0.893928735599279,0.2015224949044616,4.435875687342375,9.169875663958522e-6,b2,-333.5313952912756,173.7656976456378,HKU1_S1,Ordered,rho_95,Laddered,Unbounded
23.089520270856923,5.774291481430265,3.998675914631479,6.369782903469805e-5,b3,-333.5313952912756,173.7656976456378,HKU1_S1,Ordered,rho_95,Laddered,Unbounded
0.04838878465695023,0.011930857369252116,4.055767591494011,4.996992734029865e-5,lambda_4,-333.5313952912756,173.7656976456378,HKU1_S1,Ordered,rho_95,Laddered,Unbounded
0.06097630724711536,0.0038839664657449808,15.699493748182901,1.5245380582117747e-55,sigma,-333.5313952912756,173.7656976456378,HKU1_S1,Ordered,rho_95,Laddered,Unbounded
5.379524714880521,1.4239954544861066,3.77776817891732,1.5824006925758247e-4,rho_m,-83.50061786532109,47.750308932660545,a_229E_S1,Ordered,rho_95,Direct,Bounded
1,NA,NA,NA,b0,-83.50061786532109,47.750308932660545,a_229E_S1,Ordered,rho_95,Direct,Bounded
1,0.3743336377888786,2.671413677666853,0.007553249711080838,b1,-83.50061786532109,47.750308932660545,a_229E_S1,Ordered,rho_95,Direct,Bounded
2.326955163062685,1.1463187450880186,2.0299372866697847,0.04236291436336557,b2,-83.50061786532109,47.750308932660545,a_229E_S1,Ordered,rho_95,Direct,Bounded
0.48174125243443844,0.13943806716519347,3.4548761484460013,5.505456604640796e-4,lambda_3,-83.50061786532109,47.750308932660545,a_229E_S1,Ordered,rho_95,Direct,Bounded
0.15857839982337874,0.009557948548573733,16.59125899427888,8.061265332978081e-62,sigma,-83.50061786532109,47.750308932660545,a_229E_S1,Ordered,rho_95,Direct,Bounded
5.503411219897656,1.2621837734724806,4.360229734816542,1.299259645904938e-5,rho_m,-123.83196251566005,67.91598125783003,a_229E_S1,Ordered,rho_95,Direct,Unbounded
0.11351999412932182,0.10061602432756915,1.128249648979789,0.2592145013210553,b0,-123.83196251566005,67.91598125783003,a_229E_S1,Ordered,rho_95,Direct,Unbounded
3.3060264917033577,3.2615440999055365,1.0136384456059047,0.3107553056388811,b1,-123.83196251566005,67.91598125783003,a_229E_S1,Ordered,rho_95,Direct,Unbounded
4.122844254296369,1.5085928263828847,2.7329072379202604,0.0062778010191157935,b2,-123.83196251566005,67.91598125783003,a_229E_S1,Ordered,rho_95,Direct,Unbounded
0.47289931873766033,0.0901435396516053,5.246069996423075,1.5537789048849592e-7,lambda_3,-123.83196251566005,67.91598125783003,a_229E_S1,Ordered,rho_95,Direct,Unbounded
0.13265441168042888,0.008823472850926517,15.03426303017404,4.378945098469994e-51,sigma,-123.83196251566005,67.91598125783003,a_229E_S1,Ordered,rho_95,Direct,Unbounded
5.3851311406748845,1.0443323015069983,5.1565302853354265,2.5156781042441297e-7,rho_m,-165.39727188804667,88.69863594402334,a_229E_S1,Ordered,rho_95,Laddered,Bounded
1,NA,NA,NA,b0,-165.39727188804667,88.69863594402334,a_229E_S1,Ordered,rho_95,Laddered,Bounded
1,NA,NA,NA,b1,-165.39727188804667,88.69863594402334,a_229E_S1,Ordered,rho_95,Laddered,Bounded
1,0.08414688888329565,11.883980658951186,1.4337345504112227e-32,b2,-165.39727188804667,88.69863594402334,a_229E_S1,Ordered,rho_95,Laddered,Bounded
0.5211556772544161,0.08819141900993308,5.909369450056336,3.4341971481091763e-9,lambda_3,-165.39727188804667,88.69863594402334,a_229E_S1,Ordered,rho_95,Laddered,Bounded
0.11037414541996984,0.004274553088781584,25.82121291454841,5.124374683774958e-147,sigma,-165.39727188804667,88.69863594402334,a_229E_S1,Ordered,rho_95,Laddered,Bounded
5.148574792826146,0.5442933930763609,9.459190315954897,3.1033688493404666e-21,rho_m,-308.52164546963536,160.26082273481768,a_229E_S1,Ordered,rho_95,Laddered,Unbounded
0.08648500384146862,0.026809988065569976,3.225850143235786,0.0012559910062449437,b0,-308.52164546963536,160.26082273481768,a_229E_S1,Ordered,rho_95,Laddered,Unbounded
2.2710591790269734,0.6668500654576149,3.4056518798847177,6.600628716135532e-4,b1,-308.52164546963536,160.26082273481768,a_229E_S1,Ordered,rho_95,Laddered,Unbounded
1.8738408420331447,0.2668849348351416,7.021156301649778,2.2003952748822595e-12,b2,-308.52164546963536,160.26082273481768,a_229E_S1,Ordered,rho_95,Laddered,Unbounded
0.4504169832874684,0.03058273987159361,14.727816578194567,4.272894053692628e-49,lambda_3,-308.52164546963536,160.26082273481768,a_229E_S1,Ordered,rho_95,Laddered,Unbounded
0.05859440649533333,0.0038979943529247516,15.031937245206281,4.535453051667679e-51,sigma,-308.52164546963536,160.26082273481768,a_229E_S1,Ordered,rho_95,Laddered,Unbounded
6.169905632104178,2.005130188599034,3.0770598673271357,0.0020905330998211096,rho_m,-105.06486755030386,58.53243377515193,NL63_S1,Ordered,rho_95,Direct,Bounded
1,NA,NA,NA,b0,-105.06486755030386,58.53243377515193,NL63_S1,Ordered,rho_95,Direct,Bounded
1,0.2584444754550873,3.8693030610893473,1.0914690346898417e-4,b1,-105.06486755030386,58.53243377515193,NL63_S1,Ordered,rho_95,Direct,Bounded
25.221554143137865,15.814186433140259,1.594868901398778,0.11074155521453632,b2,-105.06486755030386,58.53243377515193,NL63_S1,Ordered,rho_95,Direct,Bounded
0.05334175640800982,0.036507650930058776,1.4611117135474359,0.14398478616155772,lambda_3,-105.06486755030386,58.53243377515193,NL63_S1,Ordered,rho_95,Direct,Bounded
0.14480005853520164,0.005780405701480769,25.050154956789303,1.7390734782745367e-138,sigma,-105.06486755030386,58.53243377515193,NL63_S1,Ordered,rho_95,Direct,Bounded
7.333873207285745,2.012252918250434,3.6446080613277116,2.677995992912991e-4,rho_m,-151.8520287355961,81.92601436779805,NL63_S1,Ordered,rho_95,Direct,Unbounded
0.12658403570802773,0.06892873076170025,1.8364480864394972,0.06629141327765849,b0,-151.8520287355961,81.92601436779805,NL63_S1,Ordered,rho_95,Direct,Unbounded
4.479562247082889,2.5706476831349194,1.7425811699019125,0.08140680157569664,b1,-151.8520287355961,81.92601436779805,NL63_S1,Ordered,rho_95,Direct,Unbounded
18.472965822802202,5.881750095971656,3.140726063056322,0.0016852958612685292,b2,-151.8520287355961,81.92601436779805,NL63_S1,Ordered,rho_95,Direct,Unbounded
0.0909248702594469,0.02861435314192687,3.177596565208396,0.0014850122862700727,lambda_3,-151.8520287355961,81.92601436779805,NL63_S1,Ordered,rho_95,Direct,Unbounded
0.11793256306273102,0.007810428424913452,15.099371845794469,1.6348337654250286e-51,sigma,-151.8520287355961,81.92601436779805,NL63_S1,Ordered,rho_95,Direct,Unbounded
6.910060638498775,1.8624911341967731,3.710117332439728,2.0716321284332755e-4,rho_m,-162.6507995000251,87.32539975001255,NL63_S1,Ordered,rho_95,Laddered,Bounded
1,NA,NA,NA,b0,-162.6507995000251,87.32539975001255,NL63_S1,Ordered,rho_95,Laddered,Bounded
1,NA,NA,NA,b1,-162.6507995000251,87.32539975001255,NL63_S1,Ordered,rho_95,Laddered,Bounded
7.047647611750081,0.7635229663125488,9.23043303567783,2.6953997625650028e-20,b2,-162.6507995000251,87.32539975001255,NL63_S1,Ordered,rho_95,Laddered,Bounded
0.11006003794870774,0.026542821159270154,4.146508665687519,3.3758340891339724e-5,lambda_3,-162.6507995000251,87.32539975001255,NL63_S1,Ordered,rho_95,Laddered,Bounded
0.1124836543492491,NA,NA,NA,sigma,-162.6507995000251,87.32539975001255,NL63_S1,Ordered,rho_95,Laddered,Bounded
8.079662639624724,1.6205949803503552,4.9856149979422915,6.176502865405964e-7,rho_m,-262.1123620781472,137.0561810390736,NL63_S1,Ordered,rho_95,Laddered,Unbounded
0.14759809846024305,0.04509145955245698,3.2733049656229323,0.0010629772086117053,b0,-262.1123620781472,137.0561810390736,NL63_S1,Ordered,rho_95,Laddered,Unbounded
1.9512992168809868,0.5732223544256213,3.404087788649175,6.638541402177152e-4,b1,-262.1123620781472,137.0561810390736,NL63_S1,Ordered,rho_95,Laddered,Unbounded
9.647581937609365,1.510076563374077,6.388803171710083,1.671890887106169e-10,b2,-262.1123620781472,137.0561810390736,NL63_S1,Ordered,rho_95,Laddered,Unbounded
0.11527056793468804,0.014963764014530997,7.70331367313406,1.325823745425052e-14,lambda_3,-262.1123620781472,137.0561810390736,NL63_S1,Ordered,rho_95,Laddered,Unbounded
0.07271706403158064,0.0048158528583056364,15.099519476839813,1.631177727956542e-51,sigma,-262.1123620781472,137.0561810390736,NL63_S1,Ordered,rho_95,Laddered,Unbounded
5.971481341308443,1.5619910342170162,3.822993353032775,1.3184133499533242e-4,rho_m,-124.57182397660819,68.2859119883041,OC43_HE,Ordered,rho_95,Direct,Bounded
1,NA,NA,NA,b0,-124.57182397660819,68.2859119883041,OC43_HE,Ordered,rho_95,Direct,Bounded
1,0.16919022565892403,5.910506922639443,3.410565179466348e-9,b1,-124.57182397660819,68.2859119883041,OC43_HE,Ordered,rho_95,Direct,Bounded
3.5504159395847146,1.1967209471934819,2.9667868252085463,0.003009295266473465,b2,-124.57182397660819,68.2859119883041,OC43_HE,Ordered,rho_95,Direct,Bounded
0.3496268998911418,0.08008265993714758,4.365825263116191,1.266436927035646e-5,lambda_3,-124.57182397660819,68.2859119883041,OC43_HE,Ordered,rho_95,Direct,Bounded
0.13362273506097447,0.0024688440001817765,54.123604023233575,0,sigma,-124.57182397660819,68.2859119883041,OC43_HE,Ordered,rho_95,Direct,Bounded
6.358695053255347,1.4843997548851873,4.283681018087455,1.838264078159332e-5,rho_m,-160.16906385412486,86.08453192706243,OC43_HE,Ordered,rho_95,Direct,Unbounded
0.1936242288842829,0.08648881398526266,2.2387198987059262,0.02517414696777532,b0,-160.16906385412486,86.08453192706243,OC43_HE,Ordered,rho_95,Direct,Unbounded
3.2657715365394258,1.5689081163639178,2.081556913675823,0.037382960430350005,b1,-160.16906385412486,86.08453192706243,OC43_HE,Ordered,rho_95,Direct,Unbounded
4.074221479219915,1.0397888191510558,3.9183163005602877,8.916964761039657e-5,b2,-160.16906385412486,86.08453192706243,OC43_HE,Ordered,rho_95,Direct,Unbounded
0.363356435925136,0.05959716247247077,6.096874764683273,1.0816218957206547e-9,lambda_3,-160.16906385412486,86.08453192706243,OC43_HE,Ordered,rho_95,Direct,Unbounded
0.11446329733337386,0.007547471272478138,15.165781120726407,5.9585776348962575e-52,sigma,-160.16906385412486,86.08453192706243,OC43_HE,Ordered,rho_95,Direct,Unbounded
6.508000056620421,1.3072640190167824,4.978336404848968,6.413311773479138e-7,rho_m,-208.04733135046976,110.02366567523488,OC43_HE,Ordered,rho_95,Laddered,Bounded
1,NA,NA,NA,b0,-208.04733135046976,110.02366567523488,OC43_HE,Ordered,rho_95,Laddered,Bounded
1,0.21557475314974656,4.638762124919894,3.505021883716855e-6,b1,-208.04733135046976,110.02366567523488,OC43_HE,Ordered,rho_95,Laddered,Bounded
1.5785648004260993,0.5017551875970414,3.1460856597935996,0.00165471534485368,b2,-208.04733135046976,110.02366567523488,OC43_HE,Ordered,rho_95,Laddered,Bounded
0.37943931217223453,0.055362320213909154,6.853746568174083,7.194048560455385e-12,lambda_3,-208.04733135046976,110.02366567523488,OC43_HE,Ordered,rho_95,Laddered,Bounded
0.09295280204446266,0.007758091146500144,11.981401131951875,4.4474279972217096e-33,sigma,-208.04733135046976,110.02366567523488,OC43_HE,Ordered,rho_95,Laddered,Bounded
6.717005180392435,1.0878299625702206,6.174683003327227,6.629635077646171e-10,rho_m,-270.4856169955336,141.2428084977668,OC43_HE,Ordered,rho_95,Laddered,Unbounded
0.23591760377032714,0.052572052319323846,4.487509871925072,7.2060474030523935e-6,b0,-270.4856169955336,141.2428084977668,OC43_HE,Ordered,rho_95,Laddered,Unbounded
2.108674621444217,0.46186262762437674,4.565588327183637,4.980954113142431e-6,b1,-270.4856169955336,141.2428084977668,OC43_HE,Ordered,rho_95,Laddered,Unbounded
2.0158321735754403,0.2937351515090275,6.862754298283182,6.754534810441076e-12,b2,-270.4856169955336,141.2428084977668,OC43_HE,Ordered,rho_95,Laddered,Unbounded
0.34014171208572974,0.0290365533247471,11.714259205683197,1.077287371460941e-31,lambda_3,-270.4856169955336,141.2428084977668,OC43_HE,Ordered,rho_95,Laddered,Unbounded
0.07085313865737781,0.004671853727093822,15.165958267587456,5.942522064967973e-52,sigma,-270.4856169955336,141.2428084977668,OC43_HE,Ordered,rho_95,Laddered,Unbounded
11.774481213509269,7.350877147181607,1.601779077211719,0.10920447133934111,rho_m,-78.12591515531318,50.06295757765659,HKU1_S1,Variation,rho_05,Direct,Bounded
0.0125,NA,NA,NA,l54,-78.12591515531318,50.06295757765659,HKU1_S1,Variation,rho_05,Direct,Bounded
3.0943773430458483,NA,NA,NA,l43,-78.12591515531318,50.06295757765659,HKU1_S1,Variation,rho_05,Direct,Bounded
1.9449210996749133,NA,NA,NA,l32,-78.12591515531318,50.06295757765659,HKU1_S1,Variation,rho_05,Direct,Bounded
0.9811340721779994,NA,NA,NA,l21,-78.12591515531318,50.06295757765659,HKU1_S1,Variation,rho_05,Direct,Bounded
0.12473425291975336,0.722426554818583,0.17266011622603886,0.8629185955082501,l10,-78.12591515531318,50.06295757765659,HKU1_S1,Variation,rho_05,Direct,Bounded
1,NA,NA,NA,b0,-78.12591515531318,50.06295757765659,HKU1_S1,Variation,rho_05,Direct,Bounded
1,NA,NA,NA,b1,-78.12591515531318,50.06295757765659,HKU1_S1,Variation,rho_05,Direct,Bounded
1,NA,NA,NA,b2,-78.12591515531318,50.06295757765659,HKU1_S1,Variation,rho_05,Direct,Bounded
1,NA,NA,NA,b3,-78.12591515531318,50.06295757765659,HKU1_S1,Variation,rho_05,Direct,Bounded
0.16263258405346742,0.010245484839378795,15.873585935961248,9.65626725395137e-57,sigma,-78.12591515531318,50.06295757765659,HKU1_S1,Variation,rho_05,Direct,Bounded
11.77716332192798,7.35686603791968,1.6008397137075283,0.10941242501414007,rho_m,-78.16276315423535,50.081381577117675,HKU1_S1,Variation,rho_05,Direct,Unbounded
0.0125,NA,NA,NA,l54,-78.16276315423535,50.081381577117675,HKU1_S1,Variation,rho_05,Direct,Unbounded
3.5222215028265738,NA,NA,NA,l43,-78.16276315423535,50.081381577117675,HKU1_S1,Variation,rho_05,Direct,Unbounded
1.6931778590942346,NA,NA,NA,l32,-78.16276315423535,50.081381577117675,HKU1_S1,Variation,rho_05,Direct,Unbounded
0.9300459281118973,NA,NA,NA,l21,-78.16276315423535,50.081381577117675,HKU1_S1,Variation,rho_05,Direct,Unbounded
0.13599768189204575,NA,NA,NA,l10,-78.16276315423535,50.081381577117675,HKU1_S1,Variation,rho_05,Direct,Unbounded
0.9628250024841202,NA,NA,NA,b0,-78.16276315423535,50.081381577117675,HKU1_S1,Variation,rho_05,Direct,Unbounded
1.280418472950524,NA,NA,NA,b1,-78.16276315423535,50.081381577117675,HKU1_S1,Variation,rho_05,Direct,Unbounded
0.6983351684715854,NA,NA,NA,b2,-78.16276315423535,50.081381577117675,HKU1_S1,Variation,rho_05,Direct,Unbounded
0,NA,NA,NA,b3,-78.16276315423535,50.081381577117675,HKU1_S1,Variation,rho_05,Direct,Unbounded
0.16260177565193742,0.010240901378437856,15.877682016769958,9.046005496434375e-57,sigma,-78.16276315423535,50.081381577117675,HKU1_S1,Variation,rho_05,Direct,Unbounded
5.554391128738436,1.7637298943948494,3.149230018944706,0.0016370128999368177,rho_m,-77.06464555668268,49.53232277834134,HKU1_S1,Variation,rho_05,Laddered,Bounded
0.0125,NA,NA,NA,l54,-77.06464555668268,49.53232277834134,HKU1_S1,Variation,rho_05,Laddered,Bounded
1.5350057085718365,NA,NA,NA,l43,-77.06464555668268,49.53232277834134,HKU1_S1,Variation,rho_05,Laddered,Bounded
0.0125,0.2931031531647427,0.042647101762751084,0.96598284784556,l32,-77.06464555668268,49.53232277834134,HKU1_S1,Variation,rho_05,Laddered,Bounded
0.0125,0.37833949587916493,0.0330391094140282,0.9736433998514312,l21,-77.06464555668268,49.53232277834134,HKU1_S1,Variation,rho_05,Laddered,Bounded
0.0125,1.3256462024347409,0.009429363564005195,0.9924765678826062,l10,-77.06464555668268,49.53232277834134,HKU1_S1,Variation,rho_05,Laddered,Bounded
1,NA,NA,NA,b0,-77.06464555668268,49.53232277834134,HKU1_S1,Variation,rho_05,Laddered,Bounded
1,NA,NA,NA,b1,-77.06464555668268,49.53232277834134,HKU1_S1,Variation,rho_05,Laddered,Bounded
1,NA,NA,NA,b2,-77.06464555668268,49.53232277834134,HKU1_S1,Variation,rho_05,Laddered,Bounded
1,NA,NA,NA,b3,-77.06464555668268,49.53232277834134,HKU1_S1,Variation,rho_05,Laddered,Bounded
0.16331886353848493,0.020507902287150947,7.963704003056957,1.6696438331919747e-15,sigma,-77.06464555668268,49.53232277834134,HKU1_S1,Variation,rho_05,Laddered,Bounded
5.341197862518362,0.69611438580343,7.672873842929915,1.6818488843482854e-14,rho_m,-293.61717103019805,157.80858551509903,HKU1_S1,Variation,rho_05,Laddered,Unbounded
0.1891763689295147,0.08227508262841707,2.2993154535486897,0.02148703293323791,l54,-293.61717103019805,157.80858551509903,HKU1_S1,Variation,rho_05,Laddered,Unbounded
4.584088442413446,0.4525693045276979,10.129030839149396,4.106997939768733e-24,l43,-293.61717103019805,157.80858551509903,HKU1_S1,Variation,rho_05,Laddered,Unbounded
0.49167980857114685,0.14786169973109345,3.3252682030933856,8.833351686328661e-4,l32,-293.61717103019805,157.80858551509903,HKU1_S1,Variation,rho_05,Laddered,Unbounded
0.11473725289463915,0.38496858190274513,0.2980431606328469,0.7656702222631032,l21,-293.61717103019805,157.80858551509903,HKU1_S1,Variation,rho_05,Laddered,Unbounded
0.0125,NA,NA,NA,l10,-293.61717103019805,157.80858551509903,HKU1_S1,Variation,rho_05,Laddered,Unbounded
0.004680213494025232,0.0011337376090220055,4.12812758153319,3.657291872600179e-5,b0,-293.61717103019805,157.80858551509903,HKU1_S1,Variation,rho_05,Laddered,Unbounded
1.9718508222573554,0.5316709229829656,3.7087806329415014,2.0825975585377692e-4,b1,-293.61717103019805,157.80858551509903,HKU1_S1,Variation,rho_05,Laddered,Unbounded
3.8265040920848357,0.6627733310529458,5.773473241606872,7.765394304731333e-9,b2,-293.61717103019805,157.80858551509903,HKU1_S1,Variation,rho_05,Laddered,Unbounded
1.813809276913512,1.2560471065942929,1.4440615064442626,0.1487216747922373,b3,-293.61717103019805,157.80858551509903,HKU1_S1,Variation,rho_05,Laddered,Unbounded
0.05680778788388172,0.0030025940724702008,18.919569716310864,7.869430554118683e-80,sigma,-293.61717103019805,157.80858551509903,HKU1_S1,Variation,rho_05,Laddered,Unbounded
9.64155161430101,4.820560323074426,2.000089402086744,0.045490610949247424,rho_m,-50.366919195952164,34.18345959797608,a_229E_S1,Variation,rho_05,Direct,Bounded
0.10265294428185885,2.0842133908359064,0.04925260759441157,0.9607179873072851,l43,-50.366919195952164,34.18345959797608,a_229E_S1,Variation,rho_05,Direct,Bounded
0.33455271380751694,4.122081012832988,0.08116112050344894,0.9353138188162051,l32,-50.366919195952164,34.18345959797608,a_229E_S1,Variation,rho_05,Direct,Bounded
0.4763424736472539,5.627733910697907,0.08464196801162933,0.9325460331170616,l21,-50.366919195952164,34.18345959797608,a_229E_S1,Variation,rho_05,Direct,Bounded
0.26729558820402205,1.1851982301039181,0.22552817023746785,0.8215684131081779,l10,-50.366919195952164,34.18345959797608,a_229E_S1,Variation,rho_05,Direct,Bounded
2.3633498658520877,26.013097578942634,0.09085230463922904,0.9276099487701344,b0,-50.366919195952164,34.18345959797608,a_229E_S1,Variation,rho_05,Direct,Bounded
2.734393408165968,29.528292123102293,0.09260249108774693,0.9262193646526062,b1,-50.366919195952164,34.18345959797608,a_229E_S1,Variation,rho_05,Direct,Bounded
3.592445884953503,42.39381415438966,0.08473986020390958,0.9324682060585996,b2,-50.366919195952164,34.18345959797608,a_229E_S1,Variation,rho_05,Direct,Bounded
0.17880413875696097,0.011893602366934715,15.033640207617212,4.420321378317634e-51,sigma,-50.366919195952164,34.18345959797608,a_229E_S1,Variation,rho_05,Direct,Bounded
9.628739988854123,4.804356633537206,2.0041684502852917,0.04505201896060553,rho_m,-50.36687458215445,34.183437291077226,a_229E_S1,Variation,rho_05,Direct,Unbounded
0.11304026310306095,1.8501283654353613,0.061098605488631046,0.9512806797366935,l43,-50.36687458215445,34.183437291077226,a_229E_S1,Variation,rho_05,Direct,Unbounded
0.35619738205325313,9.364941046437144,0.03803519747609806,0.9696596187945207,l32,-50.36687458215445,34.183437291077226,a_229E_S1,Variation,rho_05,Direct,Unbounded
0.4922062918486257,7.540790654316337,0.0652725044908769,0.9479570338844573,l21,-50.36687458215445,34.183437291077226,a_229E_S1,Variation,rho_05,Direct,Unbounded
0.26907759202081816,1.4336422631879697,0.1876880996954388,0.851121159552372,l10,-50.36687458215445,34.183437291077226,a_229E_S1,Variation,rho_05,Direct,Unbounded
2.3063319134826807,31.89938168956708,0.07230020744373811,0.9423629996140384,b0,-50.36687458215445,34.183437291077226,a_229E_S1,Variation,rho_05,Direct,Unbounded
2.631308139989103,66.65963745278853,0.03947378414490656,0.9685126544433518,b1,-50.36687458215445,34.183437291077226,a_229E_S1,Variation,rho_05,Direct,Unbounded
3.458086416587947,55.093050354532615,0.06276810585608542,0.9499511636095045,b2,-50.36687458215445,34.183437291077226,a_229E_S1,Variation,rho_05,Direct,Unbounded
0.1788046134407899,0.011893702175772767,15.033553959759589,4.4260817255709605e-51,sigma,-50.36687458215445,34.183437291077226,a_229E_S1,Variation,rho_05,Direct,Unbounded
5.421845221419163,1.4819930103434262,3.6584823164332905,2.537132430437649e-4,rho_m,-71.19425088487465,44.597125442437324,a_229E_S1,Variation,rho_05,Laddered,Bounded
1.3224444155226693,NA,NA,NA,l43,-71.19425088487465,44.597125442437324,a_229E_S1,Variation,rho_05,Laddered,Bounded
0.0125,0.2976307247948351,0.04199835218160554,0.9665000117282574,l32,-71.19425088487465,44.597125442437324,a_229E_S1,Variation,rho_05,Laddered,Bounded
0.0125,0.36595044626430207,0.034157630158953456,0.972751453043969,l21,-71.19425088487465,44.597125442437324,a_229E_S1,Variation,rho_05,Laddered,Bounded
0.0125,0.7576921304366365,0.01649746578837582,0.9868375238216995,l10,-71.19425088487465,44.597125442437324,a_229E_S1,Variation,rho_05,Laddered,Bounded
1,NA,NA,NA,b0,-71.19425088487465,44.597125442437324,a_229E_S1,Variation,rho_05,Laddered,Bounded
1,NA,NA,NA,b1,-71.19425088487465,44.597125442437324,a_229E_S1,Variation,rho_05,Laddered,Bounded
1,NA,NA,NA,b2,-71.19425088487465,44.597125442437324,a_229E_S1,Variation,rho_05,Laddered,Bounded
0.16306649296043255,0.012777864318898784,12.761639104216586,2.684912945794723e-37,sigma,-71.19425088487465,44.597125442437324,a_229E_S1,Variation,rho_05,Laddered,Bounded
5.020633047282695,0.789520039387781,6.359095142380242,2.0294568130508762e-10,rho_m,-210.48074175023564,114.24037087511782,a_229E_S1,Variation,rho_05,Laddered,Unbounded
3.7923815207223917,NA,NA,NA,l43,-210.48074175023564,114.24037087511782,a_229E_S1,Variation,rho_05,Laddered,Unbounded
1.280182596125592,NA,NA,NA,l32,-210.48074175023564,114.24037087511782,a_229E_S1,Variation,rho_05,Laddered,Unbounded
0.07646023785103376,0.4897131791661706,0.1561326937968502,0.8759284284450002,l21,-210.48074175023564,114.24037087511782,a_229E_S1,Variation,rho_05,Laddered,Unbounded
0.02526320872533659,NA,NA,NA,l10,-210.48074175023564,114.24037087511782,a_229E_S1,Variation,rho_05,Laddered,Unbounded
0.003788034537286238,4.1053436379802566e-4,9.227082727598102,2.7810280902354854e-20,b0,-210.48074175023564,114.24037087511782,a_229E_S1,Variation,rho_05,Laddered,Unbounded
2.564991602939271,0.7660450479719705,3.3483560917596633,8.12924871131187e-4,b1,-210.48074175023564,114.24037087511782,a_229E_S1,Variation,rho_05,Laddered,Unbounded
3.4853496550349194,0.5479371951273712,6.360856109110698,2.0063232934353858e-10,b2,-210.48074175023564,114.24037087511782,a_229E_S1,Variation,rho_05,Laddered,Unbounded
0.08860553372924533,0.002694633356617302,32.882222552338604,3.946151489753283e-237,sigma,-210.48074175023564,114.24037087511782,a_229E_S1,Variation,rho_05,Laddered,Unbounded
10.65989681735236,5.990837429286423,1.7793667318096587,0.07517965697849449,rho_m,-56.85696195455793,37.428480977278966,NL63_S1,Variation,rho_05,Direct,Bounded
0.03518972305074032,0.11600367503341781,0.303350070940451,0.7616230915847675,l43,-56.85696195455793,37.428480977278966,NL63_S1,Variation,rho_05,Direct,Bounded
2.9399388875078514,9.966430955929468,0.2949841222507795,0.7680060089244104,l32,-56.85696195455793,37.428480977278966,NL63_S1,Variation,rho_05,Direct,Bounded
2.676981918760627,24.404831424718274,0.10969065395998857,0.9126547127472523,l21,-56.85696195455793,37.428480977278966,NL63_S1,Variation,rho_05,Direct,Bounded
0.758555551743453,4.041901596043525,0.18767293901612456,0.8511330448464904,l10,-56.85696195455793,37.428480977278966,NL63_S1,Variation,rho_05,Direct,Bounded
1.043490331906713,9.71049771301835,0.10746002550495025,0.9144240366618284,b0,-56.85696195455793,37.428480977278966,NL63_S1,Variation,rho_05,Direct,Bounded
1.0001526730474126,9.09316160690431,0.10998954118312498,0.9124176695142441,b1,-56.85696195455793,37.428480977278966,NL63_S1,Variation,rho_05,Direct,Bounded
24.86526234108886,0.5703012167331658,43.60022670742941,0,b2,-56.85696195455793,37.428480977278966,NL63_S1,Variation,rho_05,Direct,Bounded
0.17424413255775884,0.011538932212592263,15.100542177343657,1.6060734197008137e-51,sigma,-56.85696195455793,37.428480977278966,NL63_S1,Variation,rho_05,Direct,Bounded
10.72685037415508,6.110187223490802,1.7555681981258078,0.07916216635200163,rho_m,-56.83632672286153,37.418163361430764,NL63_S1,Variation,rho_05,Direct,Unbounded
0.058350189988112325,0.28412532049071365,0.20536779294198612,0.837284781472163,l43,-56.83632672286153,37.418163361430764,NL63_S1,Variation,rho_05,Direct,Unbounded
3.544008410498301,13.944671727992162,0.25414785515417715,0.7993813336951363,l32,-56.83632672286153,37.418163361430764,NL63_S1,Variation,rho_05,Direct,Unbounded
3.749061496437177,33.14318381257266,0.11311711987714934,0.9099377024065092,l21,-56.83632672286153,37.418163361430764,NL63_S1,Variation,rho_05,Direct,Unbounded
0.8725240382077177,4.487081313585492,0.19445246859377951,0.8458216098680394,l10,-56.83632672286153,37.418163361430764,NL63_S1,Variation,rho_05,Direct,Unbounded
0.7988905645274061,6.77307991204198,0.11795085469271437,0.9061065982303198,b0,-56.83632672286153,37.418163361430764,NL63_S1,Variation,rho_05,Direct,Unbounded
1.001059431879672,7.420890732886048,0.13489747631553542,0.892692934921728,b1,-56.83632672286153,37.418163361430764,NL63_S1,Variation,rho_05,Direct,Unbounded
17.678943396671457,90.02422269081113,0.19637985053633755,0.8443128661400119,b2,-56.83632672286153,37.418163361430764,NL63_S1,Variation,rho_05,Direct,Unbounded
0.1742752271557126,0.011544536826574595,15.095904649422144,1.7230832660595736e-51,sigma,-56.83632672286153,37.418163361430764,NL63_S1,Variation,rho_05,Direct,Unbounded
6.386333400042983,2.2773076546431077,2.804334929021186,0.005042049835723745,rho_m,-71.07193922733893,44.535969613669465,NL63_S1,Variation,rho_05,Laddered,Bounded
0.6270515311601018,NA,NA,NA,l43,-71.07193922733893,44.535969613669465,NL63_S1,Variation,rho_05,Laddered,Bounded
1.4502898012204748,NA,NA,NA,l32,-71.07193922733893,44.535969613669465,NL63_S1,Variation,rho_05,Laddered,Bounded
0.0125,0.4052825506507607,0.030842679952366066,0.9753950029170366,l21,-71.07193922733893,44.535969613669465,NL63_S1,Variation,rho_05,Laddered,Bounded
0.0125,0.984897087123379,0.012691681357804761,0.9898737752480221,l10,-71.07193922733893,44.535969613669465,NL63_S1,Variation,rho_05,Laddered,Bounded
1,NA,NA,NA,b0,-71.07193922733893,44.535969613669465,NL63_S1,Variation,rho_05,Laddered,Bounded
1,NA,NA,NA,b1,-71.07193922733893,44.535969613669465,NL63_S1,Variation,rho_05,Laddered,Bounded
1,NA,NA,NA,b2,-71.07193922733893,44.535969613669465,NL63_S1,Variation,rho_05,Laddered,Bounded
0.1637195778346773,0.014448012452036958,11.331633217937547,9.148279498808927e-30,sigma,-71.07193922733893,44.535969613669465,NL63_S1,Variation,rho_05,Laddered,Bounded
8.913087461779968,1.8973166173929195,4.69773330401087,2.6306461646599712e-6,rho_m,-260.1665150815396,139.0832575407698,NL63_S1,Variation,rho_05,Laddered,Unbounded
0.49014578257668084,0.12747848893850552,3.8449293418682013,1.205871802128407e-4,l43,-260.1665150815396,139.0832575407698,NL63_S1,Variation,rho_05,Laddered,Unbounded
8.368257449997612,1.298057197231444,6.446755557340475,1.1426986195104367e-10,l32,-260.1665150815396,139.0832575407698,NL63_S1,Variation,rho_05,Laddered,Unbounded
0.08596167172740839,1.1505887838481945,0.07471102876555585,0.9404446325140552,l21,-260.1665150815396,139.0832575407698,NL63_S1,Variation,rho_05,Laddered,Unbounded
0.0125,0.013294716561096938,0.9402231286808745,0.34710312047680225,l10,-260.1665150815396,139.0832575407698,NL63_S1,Variation,rho_05,Laddered,Unbounded
0.004544205278207073,8.629839322756829e-4,5.265689323118721,1.3966430266550543e-7,b0,-260.1665150815396,139.0832575407698,NL63_S1,Variation,rho_05,Laddered,Unbounded
7.176558747465269,1.0629253188699395,6.7517055244249,1.461172135427762e-11,b1,-260.1665150815396,139.0832575407698,NL63_S1,Variation,rho_05,Laddered,Unbounded
3.400000397452557,1.3996182922363225,2.4292340392465195,0.015130761591012343,b2,-260.1665150815396,139.0832575407698,NL63_S1,Variation,rho_05,Laddered,Unbounded
0.06912833199787667,0.004496568154716417,15.37357594043548,2.4619717867395366e-53,sigma,-260.1665150815396,139.0832575407698,NL63_S1,Variation,rho_05,Laddered,Unbounded
11.133634542016186,5.867480968324497,1.8975152373089808,0.05775996968355087,rho_m,-63.23868182266165,40.61934091133082,OC43_HE,Variation,rho_05,Direct,Bounded
0.5458369640867169,NA,NA,NA,l43,-63.23868182266165,40.61934091133082,OC43_HE,Variation,rho_05,Direct,Bounded
1.5806003003777256,NA,NA,NA,l32,-63.23868182266165,40.61934091133082,OC43_HE,Variation,rho_05,Direct,Bounded
1.540417476327813,NA,NA,NA,l21,-63.23868182266165,40.61934091133082,OC43_HE,Variation,rho_05,Direct,Bounded
0.9366785923547541,NA,NA,NA,l10,-63.23868182266165,40.61934091133082,OC43_HE,Variation,rho_05,Direct,Bounded
1.6090634865658109,NA,NA,NA,b0,-63.23868182266165,40.61934091133082,OC43_HE,Variation,rho_05,Direct,Bounded
1.1005525699301701,NA,NA,NA,b1,-63.23868182266165,40.61934091133082,OC43_HE,Variation,rho_05,Direct,Bounded
1.8116924603352833,NA,NA,NA,b2,-63.23868182266165,40.61934091133082,OC43_HE,Variation,rho_05,Direct,Bounded
0.1699678158449477,0.011207138436784381,15.166031614910244,5.935886903646599e-52,sigma,-63.23868182266165,40.61934091133082,OC43_HE,Variation,rho_05,Direct,Bounded
11.131205830079596,5.865586437827126,1.8977140560566164,0.0577337599311181,rho_m,-63.239656374774015,40.61982818738701,OC43_HE,Variation,rho_05,Direct,Unbounded
0.9178222874741645,NA,NA,NA,l43,-63.239656374774015,40.61982818738701,OC43_HE,Variation,rho_05,Direct,Unbounded
1.5002223609670262,NA,NA,NA,l32,-63.239656374774015,40.61982818738701,OC43_HE,Variation,rho_05,Direct,Unbounded
1.4646771475485125,NA,NA,NA,l21,-63.239656374774015,40.61982818738701,OC43_HE,Variation,rho_05,Direct,Unbounded
0.9327406434311195,NA,NA,NA,l10,-63.239656374774015,40.61982818738701,OC43_HE,Variation,rho_05,Direct,Unbounded
1.6227630434399865,NA,NA,NA,b0,-63.239656374774015,40.61982818738701,OC43_HE,Variation,rho_05,Direct,Unbounded
1.2620068392180661,NA,NA,NA,b1,-63.239656374774015,40.61982818738701,OC43_HE,Variation,rho_05,Direct,Unbounded
0.8423967855872949,NA,NA,NA,b2,-63.239656374774015,40.61982818738701,OC43_HE,Variation,rho_05,Direct,Unbounded
0.16996497454199888,0.011206931551055337,15.166058056809813,5.9334967202785995e-52,sigma,-63.239656374774015,40.61982818738701,OC43_HE,Variation,rho_05,Direct,Unbounded
5.919204595343695,1.6473935249290972,3.5930726361198086,3.2680144118681374e-4,rho_m,-98.61334568119656,58.30667284059828,OC43_HE,Variation,rho_05,Laddered,Bounded
1.4487416260490469,NA,NA,NA,l43,-98.61334568119656,58.30667284059828,OC43_HE,Variation,rho_05,Laddered,Bounded
0.17194319897154733,0.1654102241147616,1.0394955928011629,0.298574306692337,l32,-98.61334568119656,58.30667284059828,OC43_HE,Variation,rho_05,Laddered,Bounded
0.0125,0.4116309853843947,0.030367004535207878,0.9757743592798803,l21,-98.61334568119656,58.30667284059828,OC43_HE,Variation,rho_05,Laddered,Bounded
0.0125,0.7797155268176662,0.0160314878568823,0.9872092712425298,l10,-98.61334568119656,58.30667284059828,OC43_HE,Variation,rho_05,Laddered,Bounded
1,NA,NA,NA,b0,-98.61334568119656,58.30667284059828,OC43_HE,Variation,rho_05,Laddered,Bounded
1,NA,NA,NA,b1,-98.61334568119656,58.30667284059828,OC43_HE,Variation,rho_05,Laddered,Bounded
1,NA,NA,NA,b2,-98.61334568119656,58.30667284059828,OC43_HE,Variation,rho_05,Laddered,Bounded
0.1457372934199099,0.010929937132466374,13.33377234046577,1.4725892028605124e-40,sigma,-98.61334568119656,58.30667284059828,OC43_HE,Variation,rho_05,Laddered,Bounded
11.167809441239019,NA,NA,NA,rho_m,-252.51333688545498,135.2566684427275,OC43_HE,Variation,rho_05,Laddered,Unbounded
1.0817972742169892,NA,NA,NA,l43,-252.51333688545498,135.2566684427275,OC43_HE,Variation,rho_05,Laddered,Unbounded
3.5255629485229543,NA,NA,NA,l32,-252.51333688545498,135.2566684427275,OC43_HE,Variation,rho_05,Laddered,Unbounded
0.8851655866472481,NA,NA,NA,l21,-252.51333688545498,135.2566684427275,OC43_HE,Variation,rho_05,Laddered,Unbounded
0.2663560215488698,0.24957647482013004,1.0672320848382555,0.2858670475169502,l10,-252.51333688545498,135.2566684427275,OC43_HE,Variation,rho_05,Laddered,Unbounded
0.0025196187091448183,0.005215038751173842,0.4831447721414693,0.6289929459974394,b0,-252.51333688545498,135.2566684427275,OC43_HE,Variation,rho_05,Laddered,Unbounded
5.658153030176017,1.83725371641609,3.079679730469296,0.002072232970589295,b1,-252.51333688545498,135.2566684427275,OC43_HE,Variation,rho_05,Laddered,Unbounded
3.9860472062211785,NA,NA,NA,b2,-252.51333688545498,135.2566684427275,OC43_HE,Variation,rho_05,Laddered,Unbounded
0.07473926982574794,0.005404917454499188,13.828013185202877,1.7272555747578386e-43,sigma,-252.51333688545498,135.2566684427275,OC43_HE,Variation,rho_05,Laddered,Unbounded
5.808536147409025,1.3938842116017631,4.167158289808179,3.084203423421014e-5,rho_m,-163.67217678462325,92.83608839231162,HKU1_S1,Variation,rho_95,Direct,Bounded
0.0125,0.06033182434589179,0.2071875023757867,0.835863427217102,l54,-163.67217678462325,92.83608839231162,HKU1_S1,Variation,rho_95,Direct,Bounded
0.33135955160689945,2.433554896924334,0.13616276009458042,0.8916926140665788,l43,-163.67217678462325,92.83608839231162,HKU1_S1,Variation,rho_95,Direct,Bounded
0.2345002875043028,2.3867499924905053,0.09825088016847901,0.921733081335254,l32,-163.67217678462325,92.83608839231162,HKU1_S1,Variation,rho_95,Direct,Bounded
0.15644492187322134,1.265468722168076,0.12362606766383813,0.9016113518011565,l21,-163.67217678462325,92.83608839231162,HKU1_S1,Variation,rho_95,Direct,Bounded
0.06900538124136942,0.18236641481762494,0.37838864853694726,0.7051418996014726,l10,-163.67217678462325,92.83608839231162,HKU1_S1,Variation,rho_95,Direct,Bounded
1,4.279405799542412,0.2336773016727995,0.8152355105740596,b0,-163.67217678462325,92.83608839231162,HKU1_S1,Variation,rho_95,Direct,Bounded
1,4.027950444970704,0.24826521916340832,0.803929207797393,b1,-163.67217678462325,92.83608839231162,HKU1_S1,Variation,rho_95,Direct,Bounded
1,1.972477168162055,0.5069767174703448,0.6121711549308615,b2,-163.67217678462325,92.83608839231162,HKU1_S1,Variation,rho_95,Direct,Bounded
1,3.444843488048439,0.29028895027289514,0.7715951914876354,b3,-163.67217678462325,92.83608839231162,HKU1_S1,Variation,rho_95,Direct,Bounded
0.11581866479945294,0.007368157622437781,15.718809332574228,1.124164623329528e-55,sigma,-163.67217678462325,92.83608839231162,HKU1_S1,Variation,rho_95,Direct,Bounded
5.825281944732081,1.388443039505107,4.195549820184507,2.7221044185620256e-5,rho_m,-165.59825009868212,93.79912504934106,HKU1_S1,Variation,rho_95,Direct,Unbounded
0.0125,0.0030004668675830183,4.166018340362209,3.099657762651392e-5,l54,-165.59825009868212,93.79912504934106,HKU1_S1,Variation,rho_95,Direct,Unbounded
0.6360697244622983,0.7413348911928814,0.8580059188078939,0.3908891951622091,l43,-165.59825009868212,93.79912504934106,HKU1_S1,Variation,rho_95,Direct,Unbounded
1.0021346982952286,2.2300679368411265,0.44937406692405274,0.6531618356167277,l32,-165.59825009868212,93.79912504934106,HKU1_S1,Variation,rho_95,Direct,Unbounded
1.0296819978604521,4.358502039465583,0.23624676288707355,0.813241194758705,l21,-165.59825009868212,93.79912504934106,HKU1_S1,Variation,rho_95,Direct,Unbounded
0.18558409107048762,0.6147610386441501,0.30188004672480817,0.7627435069770648,l10,-165.59825009868212,93.79912504934106,HKU1_S1,Variation,rho_95,Direct,Unbounded
0.2946494577811829,1.4260374895598853,0.2066211161616234,0.836305767802542,b0,-165.59825009868212,93.79912504934106,HKU1_S1,Variation,rho_95,Direct,Unbounded
0.5966312336523695,3.3077235641896414,0.18037518011228912,0.8568580381385559,b1,-165.59825009868212,93.79912504934106,HKU1_S1,Variation,rho_95,Direct,Unbounded
1.151096227388367,3.6563969186438903,0.314817087149087,0.7529005372697365,b2,-165.59825009868212,93.79912504934106,HKU1_S1,Variation,rho_95,Direct,Unbounded
0,NA,NA,NA,b3,-165.59825009868212,93.79912504934106,HKU1_S1,Variation,rho_95,Direct,Unbounded
0.11493662254052467,0.007295047823924371,15.755430987523603,6.302820598536092e-56,sigma,-165.59825009868212,93.79912504934106,HKU1_S1,Variation,rho_95,Direct,Unbounded
5.285208111452418,0.9972327299637752,5.299874294784132,1.1588243839246291e-7,rho_m,-234.26752714808197,128.13376357404098,HKU1_S1,Variation,rho_95,Laddered,Bounded
0.0125,NA,NA,NA,l54,-234.26752714808197,128.13376357404098,HKU1_S1,Variation,rho_95,Laddered,Bounded
0.27242911018343174,NA,NA,NA,l43,-234.26752714808197,128.13376357404098,HKU1_S1,Variation,rho_95,Laddered,Bounded
0.0125,0.030425727556310466,0.4108365190894977,0.681192413110427,l32,-234.26752714808197,128.13376357404098,HKU1_S1,Variation,rho_95,Laddered,Bounded
0.0125,0.04307098188414586,0.2902185985363191,0.7716490086537184,l21,-234.26752714808197,128.13376357404098,HKU1_S1,Variation,rho_95,Laddered,Bounded
0.0125,0.05639027844802147,0.22166941437471446,0.8245712415672102,l10,-234.26752714808197,128.13376357404098,HKU1_S1,Variation,rho_95,Laddered,Bounded
1,NA,NA,NA,b0,-234.26752714808197,128.13376357404098,HKU1_S1,Variation,rho_95,Laddered,Bounded
1,NA,NA,NA,b1,-234.26752714808197,128.13376357404098,HKU1_S1,Variation,rho_95,Laddered,Bounded
1,NA,NA,NA,b2,-234.26752714808197,128.13376357404098,HKU1_S1,Variation,rho_95,Laddered,Bounded
1,NA,NA,NA,b3,-234.26752714808197,128.13376357404098,HKU1_S1,Variation,rho_95,Laddered,Bounded
0.08752069310997687,0.007221457038612261,12.11953386165898,8.323116847386175e-34,sigma,-234.26752714808197,128.13376357404098,HKU1_S1,Variation,rho_95,Laddered,Bounded
5.337354755091268,0.6715661805520868,7.947622899508564,1.9012435599502854e-15,rho_m,-345.77246724498934,183.88623362249467,HKU1_S1,Variation,rho_95,Laddered,Unbounded
0.019919856455733027,0.04198421258384696,0.47446064198419696,0.6351714578962377,l54,-345.77246724498934,183.88623362249467,HKU1_S1,Variation,rho_95,Laddered,Unbounded
0.9377021485793435,0.23560083191957296,3.98004599958054,6.890193439675643e-5,l43,-345.77246724498934,183.88623362249467,HKU1_S1,Variation,rho_95,Laddered,Unbounded
0.44408739096599953,0.35805499627413967,1.2402770400835026,0.2148729416697054,l32,-345.77246724498934,183.88623362249467,HKU1_S1,Variation,rho_95,Laddered,Unbounded
0.25293639168833865,0.16026076706499698,1.5782801762439786,0.1145012580342088,l21,-345.77246724498934,183.88623362249467,HKU1_S1,Variation,rho_95,Laddered,Unbounded
0.04538075192453202,0.03745913577124958,1.2114735428403125,0.2257139685538317,l10,-345.77246724498934,183.88623362249467,HKU1_S1,Variation,rho_95,Laddered,Unbounded
0.4146728848173392,0.41429546783540866,1.0009109850607405,0.3168698452425388,b0,-345.77246724498934,183.88623362249467,HKU1_S1,Variation,rho_95,Laddered,Unbounded
0.14698449758005278,0.32168780602895336,0.4569165968536075,0.6477309942056061,b1,-345.77246724498934,183.88623362249467,HKU1_S1,Variation,rho_95,Laddered,Unbounded
0.4523207553313316,0.53897812993576,0.8392191263590658,0.4013463562848599,b2,-345.77246724498934,183.88623362249467,HKU1_S1,Variation,rho_95,Laddered,Unbounded
0.7509315894254506,6.462403805105162,0.11620004135802076,0.9074940039766618,b3,-345.77246724498934,183.88623362249467,HKU1_S1,Variation,rho_95,Laddered,Unbounded
0.05622590909632474,0.0035427678512108406,15.870616268889295,1.0124190508363428e-56,sigma,-345.77246724498934,183.88623362249467,HKU1_S1,Variation,rho_95,Laddered,Unbounded
5.520690119093028,1.248521054917513,4.421783755547293,9.788940054297226e-6,rho_m,-120.13187949059295,69.06593974529648,a_229E_S1,Variation,rho_95,Direct,Bounded
0.05714852146077167,0.1540072864942425,0.3710767377419389,0.7105803766704788,l43,-120.13187949059295,69.06593974529648,a_229E_S1,Variation,rho_95,Direct,Bounded
0.18651703362679647,0.4977513378009593,0.3747193015107091,0.7078692359655177,l32,-120.13187949059295,69.06593974529648,a_229E_S1,Variation,rho_95,Direct,Bounded
0.20668789871649004,0.2885516717582675,0.7162942340865786,0.4738096863428583,l21,-120.13187949059295,69.06593974529648,a_229E_S1,Variation,rho_95,Direct,Bounded
0.10013174737463496,NA,NA,NA,l10,-120.13187949059295,69.06593974529648,a_229E_S1,Variation,rho_95,Direct,Bounded
1,NA,NA,NA,b0,-120.13187949059295,69.06593974529648,a_229E_S1,Variation,rho_95,Direct,Bounded
1.2520397274883643,NA,NA,NA,b1,-120.13187949059295,69.06593974529648,a_229E_S1,Variation,rho_95,Direct,Bounded
2.8026577842789933,8.928277562792772,0.3139080034830727,0.7535909115206214,b2,-120.13187949059295,69.06593974529648,a_229E_S1,Variation,rho_95,Direct,Bounded
0.1312915123898859,0.008743238021456289,15.016348870714808,5.738257009418643e-51,sigma,-120.13187949059295,69.06593974529648,a_229E_S1,Variation,rho_95,Direct,Bounded
5.553807540263263,1.263575032020731,4.395312822366804,1.1061334292639909e-5,rho_m,-120.29968704230043,69.14984352115022,a_229E_S1,Variation,rho_95,Direct,Unbounded
0.05853670188179146,0.15686872413612277,0.373157251097397,0.7090314106388377,l43,-120.29968704230043,69.14984352115022,a_229E_S1,Variation,rho_95,Direct,Unbounded
0.27929079362221726,0.6487897614417405,0.4304796564631003,0.6668467620258185,l32,-120.29968704230043,69.14984352115022,a_229E_S1,Variation,rho_95,Direct,Unbounded
0.5951155249628454,1.8625932678284405,0.3195091141162979,0.7493404812365729,l21,-120.29968704230043,69.14984352115022,a_229E_S1,Variation,rho_95,Direct,Unbounded
0.18858499886895363,0.47832313748388106,0.39426275689059415,0.6933870567041657,l10,-120.29968704230043,69.14984352115022,a_229E_S1,Variation,rho_95,Direct,Unbounded
0.3616871838191015,1.4193075845624652,0.25483354542250264,0.798851664901977,b0,-120.29968704230043,69.14984352115022,a_229E_S1,Variation,rho_95,Direct,Unbounded
1.8014740283744874,8.299529842534083,0.2170573589773907,0.8281636443228885,b1,-120.29968704230043,69.14984352115022,a_229E_S1,Variation,rho_95,Direct,Unbounded
4.058060356712371,13.060922191316841,0.31070243718397234,0.7560268442951172,b2,-120.29968704230043,69.14984352115022,a_229E_S1,Variation,rho_95,Direct,Unbounded
0.13123443662167408,0.008732011526629913,15.029118573818868,4.73261074065751e-51,sigma,-120.29968704230043,69.14984352115022,a_229E_S1,Variation,rho_95,Direct,Unbounded
5.129777586764037,0.7441078606826251,6.893862916671937,5.429735031160139e-12,rho_m,-226.8862123354868,122.4431061677434,a_229E_S1,Variation,rho_95,Laddered,Bounded
0.1726848380656695,NA,NA,NA,l43,-226.8862123354868,122.4431061677434,a_229E_S1,Variation,rho_95,Laddered,Bounded
0.048314991198449446,NA,NA,NA,l32,-226.8862123354868,122.4431061677434,a_229E_S1,Variation,rho_95,Laddered,Bounded
0.0125,0.026869558044311143,0.4652104801793164,0.6417807343512767,l21,-226.8862123354868,122.4431061677434,a_229E_S1,Variation,rho_95,Laddered,Bounded
0.0125,0.04087708617981624,0.3057947903872877,0.7597608952628522,l10,-226.8862123354868,122.4431061677434,a_229E_S1,Variation,rho_95,Laddered,Bounded
1,NA,NA,NA,b0,-226.8862123354868,122.4431061677434,a_229E_S1,Variation,rho_95,Laddered,Bounded
1,NA,NA,NA,b1,-226.8862123354868,122.4431061677434,a_229E_S1,Variation,rho_95,Laddered,Bounded
1,NA,NA,NA,b2,-226.8862123354868,122.4431061677434,a_229E_S1,Variation,rho_95,Laddered,Bounded
0.08187998450410515,0.004823252995944877,16.976091565784603,1.234376317069592e-64,sigma,-226.8862123354868,122.4431061677434,a_229E_S1,Variation,rho_95,Laddered,Bounded
5.103595928668325,0.5125972992717878,9.95634572386288,2.3659988898462723e-23,rho_m,-312.5043163300331,165.25215816501654,a_229E_S1,Variation,rho_95,Laddered,Unbounded
0.4561737786857053,0.11883051933643587,3.838860431083154,1.2360666443836453e-4,l43,-312.5043163300331,165.25215816501654,a_229E_S1,Variation,rho_95,Laddered,Unbounded
0.439875829752851,0.1797698057917331,2.4468838235407335,0.014409727813938575,l32,-312.5043163300331,165.25215816501654,a_229E_S1,Variation,rho_95,Laddered,Unbounded
0.3783510808674769,0.4481766709518138,0.8442007480308044,0.3985572366258148,l21,-312.5043163300331,165.25215816501654,a_229E_S1,Variation,rho_95,Laddered,Unbounded
0.1232467629703004,0.07942550065763371,1.5517278701403434,0.12072735112806464,l10,-312.5043163300331,165.25215816501654,a_229E_S1,Variation,rho_95,Laddered,Unbounded
0.01980215617741884,0.04223105879652177,0.46890030090957097,0.6391409012150457,b0,-312.5043163300331,165.25215816501654,a_229E_S1,Variation,rho_95,Laddered,Unbounded
3.3350304805920863,2.408985399343576,1.3844129074011193,0.1662320589382851,b1,-312.5043163300331,165.25215816501654,a_229E_S1,Variation,rho_95,Laddered,Unbounded
0,0.2602615580620293,0,1,b2,-312.5043163300331,165.25215816501654,a_229E_S1,Variation,rho_95,Laddered,Unbounded
0.05605693966306992,0.003729060314138726,15.032457225357852,4.499985812640876e-51,sigma,-312.5043163300331,165.25215816501654,a_229E_S1,Variation,rho_95,Laddered,Unbounded
7.470314797745378,1.9770481502965975,3.7785194035990872,1.5776356161185305e-4,rho_m,-155.49237994031327,86.74618997015664,NL63_S1,Variation,rho_95,Direct,Bounded
0.0125,NA,NA,NA,l43,-155.49237994031327,86.74618997015664,NL63_S1,Variation,rho_95,Direct,Bounded
0.3894042394133235,0.3690288789844674,1.0552134577785002,0.29132771058236906,l32,-155.49237994031327,86.74618997015664,NL63_S1,Variation,rho_95,Direct,Bounded
0.3789941644523409,0.17968399407697885,2.109226068794837,0.03492507276525986,l21,-155.49237994031327,86.74618997015664,NL63_S1,Variation,rho_95,Direct,Bounded
0.1379763139266352,0.06317446983332428,2.1840517900769663,0.028958442654504396,l10,-155.49237994031327,86.74618997015664,NL63_S1,Variation,rho_95,Direct,Bounded
1,NA,NA,NA,b0,-155.49237994031327,86.74618997015664,NL63_S1,Variation,rho_95,Direct,Bounded
1,NA,NA,NA,b1,-155.49237994031327,86.74618997015664,NL63_S1,Variation,rho_95,Direct,Bounded
7.45304951901622,NA,NA,NA,b2,-155.49237994031327,86.74618997015664,NL63_S1,Variation,rho_95,Direct,Bounded
0.11305935555595406,0.0074247007272252065,15.227462992734944,2.324375016766643e-52,sigma,-155.49237994031327,86.74618997015664,NL63_S1,Variation,rho_95,Direct,Bounded
7.259143613675068,1.841678533533098,3.941591043985858,8.09428996193324e-5,rho_m,-155.98393647714815,86.99196823857407,NL63_S1,Variation,rho_95,Direct,Unbounded
0.012915511318771446,0.014565866374781838,0.8866970893768679,0.3752420058256559,l43,-155.98393647714815,86.99196823857407,NL63_S1,Variation,rho_95,Direct,Unbounded
0.6228774088490583,0.40544407508150204,1.5362844030310419,0.12446864309836486,l32,-155.98393647714815,86.99196823857407,NL63_S1,Variation,rho_95,Direct,Unbounded
3.591112016422104,3.6687704606026728,0.9788325693813476,0.32766271421037935,l21,-155.98393647714815,86.99196823857407,NL63_S1,Variation,rho_95,Direct,Unbounded
0.6719250929343861,0.5845636800179668,1.1494472131996538,0.2503716213480652,l10,-155.98393647714815,86.99196823857407,NL63_S1,Variation,rho_95,Direct,Unbounded
0.04913397341129435,0.1271671739520014,0.3863730857920907,0.6992203799159089,b0,-155.98393647714815,86.99196823857407,NL63_S1,Variation,rho_95,Direct,Unbounded
3.6521214974109037,4.6953718979238035,0.7778130416092911,0.4366792384038896,b1,-155.98393647714815,86.99196823857407,NL63_S1,Variation,rho_95,Direct,Unbounded
10.987879945687864,13.404408260684882,0.8197213731482133,0.41237496288250225,b2,-155.98393647714815,86.99196823857407,NL63_S1,Variation,rho_95,Direct,Unbounded
0.11285415376464342,0.007520040692868369,15.007120090675661,6.594954817271221e-51,sigma,-155.98393647714815,86.99196823857407,NL63_S1,Variation,rho_95,Direct,Unbounded
7.6459019064210985,1.6253714601635625,4.704095090762628,2.5499438778008334e-6,rho_m,-229.93365728801513,123.96682864400756,NL63_S1,Variation,rho_95,Laddered,Bounded
0.0125,7.705946131980342e-4,16.22123978796571,3.56916812064625e-59,l43,-229.93365728801513,123.96682864400756,NL63_S1,Variation,rho_95,Laddered,Bounded
0.2795675389424129,NA,NA,NA,l32,-229.93365728801513,123.96682864400756,NL63_S1,Variation,rho_95,Laddered,Bounded
0.0125,0.03139340093569346,0.39817285249231577,0.6905027756712243,l21,-229.93365728801513,123.96682864400756,NL63_S1,Variation,rho_95,Laddered,Bounded
0.0125,0.05467948308524653,0.2286049409156305,0.819175983962435,l10,-229.93365728801513,123.96682864400756,NL63_S1,Variation,rho_95,Laddered,Bounded
1,NA,NA,NA,b0,-229.93365728801513,123.96682864400756,NL63_S1,Variation,rho_95,Laddered,Bounded
1,NA,NA,NA,b1,-229.93365728801513,123.96682864400756,NL63_S1,Variation,rho_95,Laddered,Bounded
9.999581710756303,NA,NA,NA,b2,-229.93365728801513,123.96682864400756,NL63_S1,Variation,rho_95,Laddered,Bounded
0.08156430399286813,0.00430632967345293,18.94056195829236,5.283022348218574e-80,sigma,-229.93365728801513,123.96682864400756,NL63_S1,Variation,rho_95,Laddered,Bounded
9.439211117417937,2.0251815321354742,4.660920992828065,3.1479755512092477e-6,rho_m,-284.2295997235152,151.1147998617576,NL63_S1,Variation,rho_95,Laddered,Unbounded
0.016018293916036295,0.011929286426437525,1.3427705013886468,0.17934629794354282,l43,-284.2295997235152,151.1147998617576,NL63_S1,Variation,rho_95,Laddered,Unbounded
0.6882843038413831,0.11838635184711514,5.8138822009672,6.104037644628685e-9,l32,-284.2295997235152,151.1147998617576,NL63_S1,Variation,rho_95,Laddered,Unbounded
0.5380210281533654,0.23282287934446563,2.3108597817715055,0.020840601154092475,l21,-284.2295997235152,151.1147998617576,NL63_S1,Variation,rho_95,Laddered,Unbounded
0.06943167110916246,0.058481213421669655,1.1872474431837834,0.2351300321420719,l10,-284.2295997235152,151.1147998617576,NL63_S1,Variation,rho_95,Laddered,Unbounded
0.24929089118612588,0.1107052940947548,2.251842544880943,0.02433222402458406,b0,-284.2295997235152,151.1147998617576,NL63_S1,Variation,rho_95,Laddered,Unbounded
0.5122937487120724,0.3438490896084744,1.489879613453095,0.13625589283313155,b1,-284.2295997235152,151.1147998617576,NL63_S1,Variation,rho_95,Laddered,Unbounded
15.198188532756003,12.876654659241865,1.1802901401761148,0.2378848383026634,b2,-284.2295997235152,151.1147998617576,NL63_S1,Variation,rho_95,Laddered,Unbounded
0.06419142387488233,0.004295212367088197,14.944877782236148,1.6819947970601826e-50,sigma,-284.2295997235152,151.1147998617576,NL63_S1,Variation,rho_95,Laddered,Unbounded
6.388523971174309,1.430010348768636,4.467466949924794,7.915123497027366e-6,rho_m,-161.08677303584918,89.54338651792459,OC43_HE,Variation,rho_95,Direct,Bounded
0.02961159458785887,0.19017781407839088,0.1557047794000463,0.8762657297064177,l43,-161.08677303584918,89.54338651792459,OC43_HE,Variation,rho_95,Direct,Bounded
0.06491724992334824,0.1643769917275328,0.3949290544929393,0.692895246888398,l32,-161.08677303584918,89.54338651792459,OC43_HE,Variation,rho_95,Direct,Bounded
0.11550397007822012,NA,NA,NA,l21,-161.08677303584918,89.54338651792459,OC43_HE,Variation,rho_95,Direct,Bounded
0.13961769448425504,NA,NA,NA,l10,-161.08677303584918,89.54338651792459,OC43_HE,Variation,rho_95,Direct,Bounded
2.0932889329821665,NA,NA,NA,b0,-161.08677303584918,89.54338651792459,OC43_HE,Variation,rho_95,Direct,Bounded
2.4913705750448556,NA,NA,NA,b1,-161.08677303584918,89.54338651792459,OC43_HE,Variation,rho_95,Direct,Bounded
1.5741940553389286,11.98127129299844,0.13138789839929998,0.8954684613528148,b2,-161.08677303584918,89.54338651792459,OC43_HE,Variation,rho_95,Direct,Bounded
0.11105652741584293,0.007302289788668214,15.208452503238348,3.1080349284250762e-52,sigma,-161.08677303584918,89.54338651792459,OC43_HE,Variation,rho_95,Direct,Bounded
6.1140993127106755,1.291798375630841,4.733013625075118,2.2121063352440575e-6,rho_m,-161.08092669723953,89.54046334861977,OC43_HE,Variation,rho_95,Direct,Unbounded
0.02532518002912397,0.06279439217183924,0.40330321153233956,0.6867251794513687,l43,-161.08092669723953,89.54046334861977,OC43_HE,Variation,rho_95,Direct,Unbounded
0.08309137934499819,0.21547763495384895,0.3856148660755197,0.699781921684782,l32,-161.08092669723953,89.54046334861977,OC43_HE,Variation,rho_95,Direct,Unbounded
0.17909499350381983,0.5952875819287493,0.30085457674683347,0.7635253889354626,l21,-161.08092669723953,89.54046334861977,OC43_HE,Variation,rho_95,Direct,Unbounded
0.16991092864954735,0.30374085277653584,0.5593943886585185,0.5758925901227017,l10,-161.08092669723953,89.54046334861977,OC43_HE,Variation,rho_95,Direct,Unbounded
1.3750175367182433,4.887315927241565,0.28134410731542636,0.7784464831765305,b0,-161.08092669723953,89.54046334861977,OC43_HE,Variation,rho_95,Direct,Unbounded
2.7624090251198363,10.664400786376017,0.25903087106861816,0.7956114214921075,b1,-161.08092669723953,89.54046334861977,OC43_HE,Variation,rho_95,Direct,Unbounded
2.407136519220665,0.7484263591402033,3.216263684226726,0.001298714440758281,b2,-161.08092669723953,89.54046334861977,OC43_HE,Variation,rho_95,Direct,Unbounded
0.11104868114418365,0.007326687223365753,15.156738340082956,6.838190204102944e-52,sigma,-161.08092669723953,89.54046334861977,OC43_HE,Variation,rho_95,Direct,Unbounded
6.52406672732471,0.8492518862816191,7.682133926001401,1.564601389796222e-14,rho_m,-309.0244786973882,163.5122393486941,OC43_HE,Variation,rho_95,Laddered,Bounded
0.14512981785091628,NA,NA,NA,l43,-309.0244786973882,163.5122393486941,OC43_HE,Variation,rho_95,Laddered,Bounded
0.15392921391413134,0.03760899206215736,4.092883256741593,4.260422486564549e-5,l32,-309.0244786973882,163.5122393486941,OC43_HE,Variation,rho_95,Laddered,Bounded
0.03303672144330997,0.02838480520530878,1.163887551961468,0.24446958485824882,l21,-309.0244786973882,163.5122393486941,OC43_HE,Variation,rho_95,Laddered,Bounded
0.0125,0.032659441848966235,0.38273771051588446,0.7019142506564175,l10,-309.0244786973882,163.5122393486941,OC43_HE,Variation,rho_95,Laddered,Bounded
1,NA,NA,NA,b0,-309.0244786973882,163.5122393486941,OC43_HE,Variation,rho_95,Laddered,Bounded
1,NA,NA,NA,b1,-309.0244786973882,163.5122393486941,OC43_HE,Variation,rho_95,Laddered,Bounded
1,NA,NA,NA,b2,-309.0244786973882,163.5122393486941,OC43_HE,Variation,rho_95,Laddered,Bounded
0.05837984474893301,0.004099428445750017,14.240971765090057,5.101271837445211e-46,sigma,-309.0244786973882,163.5122393486941,OC43_HE,Variation,rho_95,Laddered,Bounded
6.574618440500725,0.8323515528740388,7.898848050200818,2.8149278576715462e-15,rho_m,-317.09577404171836,167.54788702085918,OC43_HE,Variation,rho_95,Laddered,Unbounded
0.20369528263208275,0.07112494704003879,2.863907687937052,0.00418449940453279,l43,-317.09577404171836,167.54788702085918,OC43_HE,Variation,rho_95,Laddered,Unbounded
0.20208635135633674,0.06797453165217233,2.972971588688812,0.0029493175019393624,l32,-317.09577404171836,167.54788702085918,OC43_HE,Variation,rho_95,Laddered,Unbounded
0.11320661580592531,0.08229671509399684,1.3755909415901242,0.16894831273558408,l21,-317.09577404171836,167.54788702085918,OC43_HE,Variation,rho_95,Laddered,Unbounded
0.03257788016947284,0.05097818336757654,0.639055337350315,0.5227869333433284,l10,-317.09577404171836,167.54788702085918,OC43_HE,Variation,rho_95,Laddered,Unbounded
0.4850510722745658,0.17898062621149186,2.7100758475468,0.0067267823543828,b0,-317.09577404171836,167.54788702085918,OC43_HE,Variation,rho_95,Laddered,Unbounded
1.551973399799177,0.9141961333498788,1.6976372390816157,0.08957624983896345,b1,-317.09577404171836,167.54788702085918,OC43_HE,Variation,rho_95,Laddered,Unbounded
0.5420623144231852,0.4739494760884302,1.1437132896461868,0.2527425601060592,b2,-317.09577404171836,167.54788702085918,OC43_HE,Variation,rho_95,Laddered,Unbounded
0.056368021594835005,0.0037169316800144247,15.165202496973594,6.011322316274697e-52,sigma,-317.09577404171836,167.54788702085918,OC43_HE,Variation,rho_95,Laddered,Unbounded
