Estimate,Std. Error,z value,Pr(z),paras,AIC,loglik,strain,exposure_hypothesis,rho,waning
7.6614620050491,5.15270711809698,1.4868809403393113,0.13704625900973313,rho_m,23.784638091975996,-8.892319045987998,HKU1_S1,Binary,rho_05,Direct
8.072214063379915,1.6361121556894258,4.933777941389624,8.065413229316027e-7,lambda_0,23.784638091975996,-8.892319045987998,HKU1_S1,Binary,rho_05,Direct
0.29236862547603737,0.03015553924880871,9.695353913712134,3.1554179190524604e-22,sigma,23.784638091975996,-8.892319045987998,HKU1_S1,Binary,rho_05,Direct
6.609813222320324,3.934421411442089,1.6799962513160531,0.09295804509069949,rho_m,32.43814588778307,-13.219072943891536,a_229E_S1,Binary,rho_05,Direct
7.0288737883427785,1.4744455655648696,4.767130067395857,1.8686867937526007e-6,lambda_0,32.43814588778307,-13.219072943891536,a_229E_S1,Binary,rho_05,Direct
0.3186885642256494,0.0325260270659942,9.797955452076614,1.1488748118667849e-22,sigma,32.43814588778307,-13.219072943891536,a_229E_S1,Binary,rho_05,Direct
6.2833247032726165,4.922033984865353,1.2765707678153106,0.20175382766319888,rho_m,25.13787756997274,-9.56893878498637,NL63_S1,Binary,rho_05,Direct
8.233315864757824,1.6282620148127995,5.056505519294082,4.270085178249043e-7,lambda_0,25.13787756997274,-9.56893878498637,NL63_S1,Binary,rho_05,Direct
0.2953525816322144,0.030144305844507904,9.797955977348396,1.1488688387245384e-22,sigma,25.13787756997274,-9.56893878498637,NL63_S1,Binary,rho_05,Direct
22.702129807279285,NA,NA,NA,rho_m,256.5053571023057,-125.25267855115285,OC43_HE,Binary,rho_05,Direct
11.887606066664825,NA,NA,NA,lambda_0,256.5053571023057,-125.25267855115285,OC43_HE,Binary,rho_05,Direct
4.87566130172409,NA,NA,NA,sigma,256.5053571023057,-125.25267855115285,OC43_HE,Binary,rho_05,Direct
5.06666725314306,1.6822218140974985,3.0118901150151207,0.0025962656103596256,rho_m,-8.782407334427699,7.3912036672138495,HKU1_S1,Binary,rho_95,Direct
0.8972528470854486,0.12111771565174474,7.40810576105448,1.2811611861162657e-13,lambda_0,-8.782407334427699,7.3912036672138495,HKU1_S1,Binary,rho_95,Direct
0.2067597897224439,0.021325662873533168,9.695351133917114,3.1555038485878004e-22,sigma,-8.782407334427699,7.3912036672138495,HKU1_S1,Binary,rho_95,Direct
4.700473147142864,1.4614663950221667,3.2162717960213993,0.0012986777291145236,rho_m,2.433060960512386,1.783469519743807,a_229E_S1,Binary,rho_95,Direct
0.790310715037544,0.11475810758326062,6.886752767896148,5.7080294872803585e-12,lambda_0,2.433060960512386,1.783469519743807,a_229E_S1,Binary,rho_95,Direct
0.2331452718638608,0.023795311563511112,9.79794995503976,1.148937323414057e-22,sigma,2.433060960512386,1.783469519743807,a_229E_S1,Binary,rho_95,Direct
6.478039831042444,2.0677173963272146,3.1329425590504143,0.0017306330716194205,rho_m,-23.801297833365606,14.900648916682803,NL63_S1,Binary,rho_95,Direct
1.036080390198227,0.11247484940024173,9.211662835940638,3.211113420107994e-20,lambda_0,-23.801297833365606,14.900648916682803,NL63_S1,Binary,rho_95,Direct
0.1773963447703143,0.0181054360472773,9.797960364339925,1.148818953132429e-22,sigma,-23.801297833365606,14.900648916682803,NL63_S1,Binary,rho_95,Direct
5.419091409943142,1.5877220783508394,3.4131234199198963,6.422284978704217e-4,rho_m,-19.666546476942464,12.833273238471232,OC43_HE,Binary,rho_95,Direct
1.0105078034848198,0.11674926227495727,8.655367783866279,4.913247489319835e-18,lambda_0,-19.666546476942464,12.833273238471232,OC43_HE,Binary,rho_95,Direct
0.1871952476135092,0.01871954992150233,9.99998655942503,1.524177458392345e-23,sigma,-19.666546476942464,12.833273238471232,OC43_HE,Binary,rho_95,Direct
191.40488771576295,NA,NA,NA,rho_m,-36.93538570660555,25.467692853302776,HKU1_S1,Ordered,rho_05,Direct
1,NA,NA,NA,b0,-36.93538570660555,25.467692853302776,HKU1_S1,Ordered,rho_05,Direct
1,NA,NA,NA,b1,-36.93538570660555,25.467692853302776,HKU1_S1,Ordered,rho_05,Direct
1,NA,NA,NA,b2,-36.93538570660555,25.467692853302776,HKU1_S1,Ordered,rho_05,Direct
178.88046854448703,4.5344528668035135e-4,394491.8467541285,0,b3,-36.93538570660555,25.467692853302776,HKU1_S1,Ordered,rho_05,Direct
0.07804787894169232,0.033352255268950054,2.340107987070744,0.019278164882407245,lambda_4,-36.93538570660555,25.467692853302776,HKU1_S1,Ordered,rho_05,Direct
0.1976896791786268,0.007155071759982807,27.629307686929728,4.948081152346979e-168,sigma,-36.93538570660555,25.467692853302776,HKU1_S1,Ordered,rho_05,Direct
5.908201510344306,2.4833209232648525,2.3791534372354586,0.0173524513281059,rho_m,-41.556111443919576,27.778055721959788,HKU1_S1,Ordered,rho_05,Laddered
1,NA,NA,NA,b0,-41.556111443919576,27.778055721959788,HKU1_S1,Ordered,rho_05,Laddered
1,NA,NA,NA,b1,-41.556111443919576,27.778055721959788,HKU1_S1,Ordered,rho_05,Laddered
1,NA,NA,NA,b2,-41.556111443919576,27.778055721959788,HKU1_S1,Ordered,rho_05,Laddered
14.538426753090457,30.338695672606917,0.4792040801614729,0.631793451880152,b3,-41.556111443919576,27.778055721959788,HKU1_S1,Ordered,rho_05,Laddered
0.3571877677736185,0.7550118449647757,0.4730889590086931,0.6361497135298405,lambda_4,-41.556111443919576,27.778055721959788,HKU1_S1,Ordered,rho_05,Laddered
0.19409608108013832,0.005790835119059019,33.517804788004035,2.652646147959217e-246,sigma,-41.556111443919576,27.778055721959788,HKU1_S1,Ordered,rho_05,Laddered
9.89035989121987,6.063041203952575,1.6312539464142544,0.1028367465573433,rho_m,-24.808789089174915,18.404394544587458,a_229E_S1,Ordered,rho_05,Direct
1,NA,NA,NA,b0,-24.808789089174915,18.404394544587458,a_229E_S1,Ordered,rho_05,Direct
1,0.6065405331205083,1.6486944324318038,0.0992102513492572,b1,-24.808789089174915,18.404394544587458,a_229E_S1,Ordered,rho_05,Direct
1.8577357974667295,1.3966280646964802,1.3301578597953054,0.18346626520490536,b2,-24.808789089174915,18.404394544587458,a_229E_S1,Ordered,rho_05,Direct
5.4308520504061635,2.3276436505185334,2.3331973728866626,0.019637788667904423,lambda_3,-24.808789089174915,18.404394544587458,a_229E_S1,Ordered,rho_05,Direct
0.20560193601927335,0.014089915886581084,14.59213367022893,3.151837211932141e-48,sigma,-24.808789089174915,18.404394544587458,a_229E_S1,Ordered,rho_05,Direct
6.151253439540064,2.267239973181969,2.7131020590233588,0.006665657380284089,rho_m,-41.318124320832624,26.659062160416312,a_229E_S1,Ordered,rho_05,Laddered
1,NA,NA,NA,b0,-41.318124320832624,26.659062160416312,a_229E_S1,Ordered,rho_05,Laddered
1,NA,NA,NA,b1,-41.318124320832624,26.659062160416312,a_229E_S1,Ordered,rho_05,Laddered
1,NA,NA,NA,b2,-41.318124320832624,26.659062160416312,a_229E_S1,Ordered,rho_05,Laddered
4.212832823342744,NA,NA,NA,lambda_3,-41.318124320832624,26.659062160416312,a_229E_S1,Ordered,rho_05,Laddered
0.19111922605199808,4.22670646972779e-4,452.1705668960414,0,sigma,-41.318124320832624,26.659062160416312,a_229E_S1,Ordered,rho_05,Laddered
10.305032173532654,6.644343700269993,1.550948090345463,0.12091412440978541,rho_m,-36.80113956689842,24.40056978344921,NL63_S1,Ordered,rho_05,Direct
1,NA,NA,NA,b0,-36.80113956689842,24.40056978344921,NL63_S1,Ordered,rho_05,Direct
1,0.359745597058937,2.7797421516076826,0.005440207614483691,b1,-36.80113956689842,24.40056978344921,NL63_S1,Ordered,rho_05,Direct
12.299975322500316,7.108126363176208,1.7304103351651972,0.08355698861103739,b2,-36.80113956689842,24.40056978344921,NL63_S1,Ordered,rho_05,Direct
1.0117490366925335,0.5944522278343707,1.701985440240342,0.08875809766391295,lambda_3,-36.80113956689842,24.40056978344921,NL63_S1,Ordered,rho_05,Direct
0.1953470272556779,0.00983505560716274,19.862320566180557,8.623269307942226e-88,sigma,-36.80113956689842,24.40056978344921,NL63_S1,Ordered,rho_05,Direct
6.751227581330842,3.215637915335627,2.099498687067258,0.035772963435736355,rho_m,-46.82347601093895,29.411738005469473,NL63_S1,Ordered,rho_05,Laddered
1,NA,NA,NA,b0,-46.82347601093895,29.411738005469473,NL63_S1,Ordered,rho_05,Laddered
1,NA,NA,NA,b1,-46.82347601093895,29.411738005469473,NL63_S1,Ordered,rho_05,Laddered
2.222870849490916,0.6915570424845814,3.214298623154396,0.0013076360140143555,b2,-46.82347601093895,29.411738005469473,NL63_S1,Ordered,rho_05,Laddered
2.3820548506591654,0.8287622048816565,2.8742320012039064,0.00405011333384589,lambda_3,-46.82347601093895,29.411738005469473,NL63_S1,Ordered,rho_05,Laddered
0.18695256565559804,0.007159619466834355,26.11208130845809,2.6583831375844535e-150,sigma,-46.82347601093895,29.411738005469473,NL63_S1,Ordered,rho_05,Laddered
10.945218107677862,6.5646047708371205,1.6673080085950283,0.09545317500484231,rho_m,-47.18383222334115,29.591916111670574,OC43_HE,Ordered,rho_05,Direct
1,NA,NA,NA,b0,-47.18383222334115,29.591916111670574,OC43_HE,Ordered,rho_05,Direct
1,0.3359409773442124,2.9767133735977027,0.002913562600685062,b1,-47.18383222334115,29.591916111670574,OC43_HE,Ordered,rho_05,Direct
3.3807465369529184,1.6735612602518448,2.0200912970727876,0.04337391842300995,b2,-47.18383222334115,29.591916111670574,OC43_HE,Ordered,rho_05,Direct
3.590820971991157,1.2218186721844528,2.938914794591603,0.0032936360653921413,lambda_3,-47.18383222334115,29.591916111670574,OC43_HE,Ordered,rho_05,Direct
0.18707251910361394,0.009153985040752792,20.436183615199546,7.973588390189236e-93,sigma,-47.18383222334115,29.591916111670574,OC43_HE,Ordered,rho_05,Direct
6.836896579416546,2.5968461902481743,2.6327691663414075,0.008469188563419458,rho_m,-77.41938880556238,44.70969440278119,OC43_HE,Ordered,rho_05,Laddered
1,NA,NA,NA,b0,-77.41938880556238,44.70969440278119,OC43_HE,Ordered,rho_05,Laddered
1,0.21546644038481177,4.641093982961117,3.465694420832533e-6,b1,-77.41938880556238,44.70969440278119,OC43_HE,Ordered,rho_05,Laddered
1,0.8268227303189801,1.2094490914808422,0.22649035813816132,b2,-77.41938880556238,44.70969440278119,OC43_HE,Ordered,rho_05,Laddered
4.523780099498438,3.985689313906082,1.1350057024552707,0.2563729291029446,lambda_3,-77.41938880556238,44.70969440278119,OC43_HE,Ordered,rho_05,Laddered
0.16402818844604908,0.021744945355508232,7.543278944340917,4.582993917304388e-14,sigma,-77.41938880556238,44.70969440278119,OC43_HE,Ordered,rho_05,Laddered
120.63227432981851,NA,NA,NA,rho_m,-98.38278431559088,56.19139215779544,HKU1_S1,Ordered,rho_95,Direct
1,NA,NA,NA,b0,-98.38278431559088,56.19139215779544,HKU1_S1,Ordered,rho_95,Direct
1,NA,NA,NA,b1,-98.38278431559088,56.19139215779544,HKU1_S1,Ordered,rho_95,Direct
1,NA,NA,NA,b2,-98.38278431559088,56.19139215779544,HKU1_S1,Ordered,rho_95,Direct
110.84649338773386,NA,NA,NA,b3,-98.38278431559088,56.19139215779544,HKU1_S1,Ordered,rho_95,Direct
0.0125,0.003998906713873649,3.1258543633020976,0.001772893273930988,lambda_4,-98.38278431559088,56.19139215779544,HKU1_S1,Ordered,rho_95,Direct
0.15491111047524278,NA,NA,NA,sigma,-98.38278431559088,56.19139215779544,HKU1_S1,Ordered,rho_95,Direct
5.671810915057811,1.3286701669580707,4.2687877368716425,1.965381828655601e-5,rho_m,-178.00607477612934,96.00303738806467,HKU1_S1,Ordered,rho_95,Laddered
1,NA,NA,NA,b0,-178.00607477612934,96.00303738806467,HKU1_S1,Ordered,rho_95,Laddered
1,NA,NA,NA,b1,-178.00607477612934,96.00303738806467,HKU1_S1,Ordered,rho_95,Laddered
1,NA,NA,NA,b2,-178.00607477612934,96.00303738806467,HKU1_S1,Ordered,rho_95,Laddered
32.07979661833521,5.563275105245637e-4,57663.50937433783,0,b3,-178.00607477612934,96.00303738806467,HKU1_S1,Ordered,rho_95,Laddered
0.0219140932130742,NA,NA,NA,lambda_4,-178.00607477612934,96.00303738806467,HKU1_S1,Ordered,rho_95,Laddered
0.1128295872379157,NA,NA,NA,sigma,-178.00607477612934,96.00303738806467,HKU1_S1,Ordered,rho_95,Laddered
5.37948075714907,1.423968333124541,3.7778092616323495,1.5821397520040896e-4,rho_m,-83.50061786293683,47.75030893146842,a_229E_S1,Ordered,rho_95,Direct
1,NA,NA,NA,b0,-83.50061786293683,47.75030893146842,a_229E_S1,Ordered,rho_95,Direct
1,0.3743260812511898,2.671467605616704,0.007552036148893883,b1,-83.50061786293683,47.75030893146842,a_229E_S1,Ordered,rho_95,Direct
2.3269474786163835,1.146290409705121,2.0299807613456196,0.042358494890481935,b2,-83.50061786293683,47.75030893146842,a_229E_S1,Ordered,rho_95,Direct
0.48174213249912345,0.13943713104829375,3.454905654450629,5.504854153095972e-4,lambda_3,-83.50061786293683,47.75030893146842,a_229E_S1,Ordered,rho_95,Direct
0.1585784944027878,0.009557839468006635,16.59145824049508,8.034564880030734e-62,sigma,-83.50061786293683,47.75030893146842,a_229E_S1,Ordered,rho_95,Direct
5.385130137279078,1.0443336929416493,5.1565224541500685,2.515783269826469e-7,rho_m,-165.3972718865772,88.6986359432886,a_229E_S1,Ordered,rho_95,Laddered
1,NA,NA,NA,b0,-165.3972718865772,88.6986359432886,a_229E_S1,Ordered,rho_95,Laddered
1,NA,NA,NA,b1,-165.3972718865772,88.6986359432886,a_229E_S1,Ordered,rho_95,Laddered
1,0.0841419084104278,11.884684087769857,1.4217158002357276e-32,b2,-165.3972718865772,88.6986359432886,a_229E_S1,Ordered,rho_95,Laddered
0.5211548424452503,0.08819017066744778,5.909443631881029,3.4326511100776556e-9,lambda_3,-165.3972718865772,88.6986359432886,a_229E_S1,Ordered,rho_95,Laddered
0.1103743345700879,0.004274327059111293,25.82262261256083,4.9409270126103746e-147,sigma,-165.3972718865772,88.6986359432886,a_229E_S1,Ordered,rho_95,Laddered
6.17405446479473,2.0087744082536823,3.0735429719866416,0.002115332202468598,rho_m,-105.06501600811016,58.53250800405508,NL63_S1,Ordered,rho_95,Direct
1,NA,NA,NA,b0,-105.06501600811016,58.53250800405508,NL63_S1,Ordered,rho_95,Direct
1,0.2598353291602287,3.8485913491130574,1.1879899638635714e-4,b1,-105.06501600811016,58.53250800405508,NL63_S1,Ordered,rho_95,Direct
25.348129925923235,16.334783717317585,1.5517885246959227,0.12071283258533902,b2,-105.06501600811016,58.53250800405508,NL63_S1,Ordered,rho_95,Direct
0.05308212530988559,0.03739312024723412,1.4195692940016673,0.15573311008956112,lambda_3,-105.06501600811016,58.53250800405508,NL63_S1,Ordered,rho_95,Direct
0.14480561671373032,0.0058143546570501685,24.904847615056806,6.592817197283004e-137,sigma,-105.06501600811016,58.53250800405508,NL63_S1,Ordered,rho_95,Direct
6.914188540976946,1.8651884526830165,3.7069651224953155,2.097578170020929e-4,rho_m,-162.6507970461255,87.32539852306274,NL63_S1,Ordered,rho_95,Laddered
1,NA,NA,NA,b0,-162.6507970461255,87.32539852306274,NL63_S1,Ordered,rho_95,Laddered
1,NA,NA,NA,b1,-162.6507970461255,87.32539852306274,NL63_S1,Ordered,rho_95,Laddered
7.050524402029899,0.7664315282664302,9.199157578991148,3.6076691753101465e-20,b2,-162.6507970461255,87.32539852306274,NL63_S1,Ordered,rho_95,Laddered
0.1100125327205321,0.026543805638952016,4.144565184695782,3.404591029765052e-5,lambda_3,-162.6507970461255,87.32539852306274,NL63_S1,Ordered,rho_95,Laddered
0.11250012295280186,NA,NA,NA,sigma,-162.6507970461255,87.32539852306274,NL63_S1,Ordered,rho_95,Laddered
5.97212272730138,1.56239229469954,3.822422030345371,1.3214726956065336e-4,rho_m,-124.57182417633078,68.28591208816539,OC43_HE,Ordered,rho_95,Direct
1,NA,NA,NA,b0,-124.57182417633078,68.28591208816539,OC43_HE,Ordered,rho_95,Direct
1,0.169148426905223,5.911967484984761,3.380452799221012e-9,b1,-124.57182417633078,68.28591208816539,OC43_HE,Ordered,rho_95,Direct
3.5502653595591385,1.1965279739560222,2.9671394541834815,0.003005845902035136,b2,-124.57182417633078,68.28591208816539,OC43_HE,Ordered,rho_95,Direct
0.3496364649696575,0.08008022049998502,4.3660777004194555,1.2649749705099427e-5,lambda_3,-124.57182417633078,68.28591208816539,OC43_HE,Ordered,rho_95,Direct
0.13362364406594926,0.002465571242152214,54.195815469241225,0,sigma,-124.57182417633078,68.28591208816539,OC43_HE,Ordered,rho_95,Direct
6.508127399784008,1.3073180229972836,4.9782281627716305,6.416898614791546e-7,rho_m,-208.04733138036937,110.02366569018469,OC43_HE,Ordered,rho_95,Laddered
1,NA,NA,NA,b0,-208.04733138036937,110.02366569018469,OC43_HE,Ordered,rho_95,Laddered
1,0.21559854195826816,4.638250291106155,3.5137111996663074e-6,b1,-208.04733138036937,110.02366569018469,OC43_HE,Ordered,rho_95,Laddered
1.5785871126824549,0.5018144055870993,3.1457588604607354,0.0016565652633371453,b2,-208.04733138036937,110.02366569018469,OC43_HE,Ordered,rho_95,Laddered
0.37943616955214543,0.05536595203869323,6.853240224009359,7.2195696644053705e-12,lambda_3,-208.04733138036937,110.02366569018469,OC43_HE,Ordered,rho_95,Laddered
0.09295278851978347,0.007758717481514297,11.980432170813048,4.499718230867117e-33,sigma,-208.04733138036937,110.02366569018469,OC43_HE,Ordered,rho_95,Laddered
11.970409160002836,7.728133680580761,1.5489391947349533,0.12139633775361638,rho_m,-78.12529322188323,50.06264661094161,HKU1_S1,Variation,rho_05,Direct
0.0125,0.24417260700151833,0.05119329376666021,0.959171495638463,l54,-78.12529322188323,50.06264661094161,HKU1_S1,Variation,rho_05,Direct
3.09102064348775,67.34601697008343,0.04589760141064986,0.9633918659612984,l43,-78.12529322188323,50.06264661094161,HKU1_S1,Variation,rho_05,Direct
1.9437632535151708,NA,NA,NA,l32,-78.12529322188323,50.06264661094161,HKU1_S1,Variation,rho_05,Direct
0.9826480197716195,NA,NA,NA,l21,-78.12529322188323,50.06264661094161,HKU1_S1,Variation,rho_05,Direct
0.1267740557537418,0.5384931379886227,0.2354237163119064,0.8138798803376799,l10,-78.12529322188323,50.06264661094161,HKU1_S1,Variation,rho_05,Direct
1,NA,NA,NA,b0,-78.12529322188323,50.06264661094161,HKU1_S1,Variation,rho_05,Direct
1,NA,NA,NA,b1,-78.12529322188323,50.06264661094161,HKU1_S1,Variation,rho_05,Direct
1.000694443917916,22.817799071402355,0.04385587062040925,0.9650192915747366,b2,-78.12529322188323,50.06264661094161,HKU1_S1,Variation,rho_05,Direct
1,17.85796189131762,0.05599743162662874,0.9553438532176778,b3,-78.12529322188323,50.06264661094161,HKU1_S1,Variation,rho_05,Direct
0.1626363876648962,0.010280709057949214,15.819569131678039,2.2804793472517303e-56,sigma,-78.12529322188323,50.06264661094161,HKU1_S1,Variation,rho_05,Direct
5.554391128738436,1.7637298943948494,3.149230018944706,0.0016370128999368177,rho_m,-77.06464555668268,49.53232277834134,HKU1_S1,Variation,rho_05,Laddered
0.0125,NA,NA,NA,l54,-77.06464555668268,49.53232277834134,HKU1_S1,Variation,rho_05,Laddered
1.5350057085718365,NA,NA,NA,l43,-77.06464555668268,49.53232277834134,HKU1_S1,Variation,rho_05,Laddered
0.0125,0.2931031531647427,0.042647101762751084,0.96598284784556,l32,-77.06464555668268,49.53232277834134,HKU1_S1,Variation,rho_05,Laddered
0.0125,0.37833949587916493,0.0330391094140282,0.9736433998514312,l21,-77.06464555668268,49.53232277834134,HKU1_S1,Variation,rho_05,Laddered
0.0125,1.3256462024347409,0.009429363564005195,0.9924765678826062,l10,-77.06464555668268,49.53232277834134,HKU1_S1,Variation,rho_05,Laddered
1,NA,NA,NA,b0,-77.06464555668268,49.53232277834134,HKU1_S1,Variation,rho_05,Laddered
1,NA,NA,NA,b1,-77.06464555668268,49.53232277834134,HKU1_S1,Variation,rho_05,Laddered
1,NA,NA,NA,b2,-77.06464555668268,49.53232277834134,HKU1_S1,Variation,rho_05,Laddered
1,NA,NA,NA,b3,-77.06464555668268,49.53232277834134,HKU1_S1,Variation,rho_05,Laddered
0.16331886353848493,0.020507902287150947,7.963704003056957,1.6696438331919747e-15,sigma,-77.06464555668268,49.53232277834134,HKU1_S1,Variation,rho_05,Laddered
9.64155161430101,4.820560323074426,2.000089402086744,0.045490610949247424,rho_m,-50.366919195952164,34.18345959797608,a_229E_S1,Variation,rho_05,Direct
0.10265294428185885,2.0842133908359064,0.04925260759441157,0.9607179873072851,l43,-50.366919195952164,34.18345959797608,a_229E_S1,Variation,rho_05,Direct
0.33455271380751694,4.122081012832988,0.08116112050344894,0.9353138188162051,l32,-50.366919195952164,34.18345959797608,a_229E_S1,Variation,rho_05,Direct
0.4763424736472539,5.627733910697907,0.08464196801162933,0.9325460331170616,l21,-50.366919195952164,34.18345959797608,a_229E_S1,Variation,rho_05,Direct
0.26729558820402205,1.1851982301039181,0.22552817023746785,0.8215684131081779,l10,-50.366919195952164,34.18345959797608,a_229E_S1,Variation,rho_05,Direct
2.3633498658520877,26.013097578942634,0.09085230463922904,0.9276099487701344,b0,-50.366919195952164,34.18345959797608,a_229E_S1,Variation,rho_05,Direct
2.734393408165968,29.528292123102293,0.09260249108774693,0.9262193646526062,b1,-50.366919195952164,34.18345959797608,a_229E_S1,Variation,rho_05,Direct
3.592445884953503,42.39381415438966,0.08473986020390958,0.9324682060585996,b2,-50.366919195952164,34.18345959797608,a_229E_S1,Variation,rho_05,Direct
0.17880413875696097,0.011893602366934715,15.033640207617212,4.420321378317634e-51,sigma,-50.366919195952164,34.18345959797608,a_229E_S1,Variation,rho_05,Direct
5.421845221419163,1.4819930103434262,3.6584823164332905,2.537132430437649e-4,rho_m,-71.19425088487465,44.597125442437324,a_229E_S1,Variation,rho_05,Laddered
1.3224444155226693,NA,NA,NA,l43,-71.19425088487465,44.597125442437324,a_229E_S1,Variation,rho_05,Laddered
0.0125,0.2976307247948351,0.04199835218160554,0.9665000117282574,l32,-71.19425088487465,44.597125442437324,a_229E_S1,Variation,rho_05,Laddered
0.0125,0.36595044626430207,0.034157630158953456,0.972751453043969,l21,-71.19425088487465,44.597125442437324,a_229E_S1,Variation,rho_05,Laddered
0.0125,0.7576921304366365,0.01649746578837582,0.9868375238216995,l10,-71.19425088487465,44.597125442437324,a_229E_S1,Variation,rho_05,Laddered
1,NA,NA,NA,b0,-71.19425088487465,44.597125442437324,a_229E_S1,Variation,rho_05,Laddered
1,NA,NA,NA,b1,-71.19425088487465,44.597125442437324,a_229E_S1,Variation,rho_05,Laddered
1,NA,NA,NA,b2,-71.19425088487465,44.597125442437324,a_229E_S1,Variation,rho_05,Laddered
0.16306649296043255,0.012777864318898784,12.761639104216586,2.684912945794723e-37,sigma,-71.19425088487465,44.597125442437324,a_229E_S1,Variation,rho_05,Laddered
10.66182297878178,5.978527415626981,1.7833526949986649,0.07452890854449278,rho_m,-56.83558728509881,37.417793642549405,NL63_S1,Variation,rho_05,Direct
0.052958628390919985,0.25846910209069046,0.2048934590732555,0.8376553657130363,l43,-56.83558728509881,37.417793642549405,NL63_S1,Variation,rho_05,Direct
2.5910501023075705,9.324806444497689,0.27786636835089246,0.7811149417651875,l32,-56.83558728509881,37.417793642549405,NL63_S1,Variation,rho_05,Direct
2.5675579525680896,20.533718329464683,0.1250410622845544,0.9004910424237341,l21,-56.83558728509881,37.417793642549405,NL63_S1,Variation,rho_05,Direct
0.7645227432267375,3.6770499021623717,0.20791742390472936,0.8352934441535048,l10,-56.83558728509881,37.417793642549405,NL63_S1,Variation,rho_05,Direct
1.0267189992981574,8.531710699914665,0.1203415159527651,0.9042126180857408,b0,-56.83558728509881,37.417793642549405,NL63_S1,Variation,rho_05,Direct
1.2014648254633913,10.629136174607114,0.11303503932273229,0.9100027758598447,b1,-56.83558728509881,37.417793642549405,NL63_S1,Variation,rho_05,Direct
14.320198311583939,72.56478786224491,0.1973436253788687,0.8435586424163658,b2,-56.83558728509881,37.417793642549405,NL63_S1,Variation,rho_05,Direct
0.17426602250503329,0.011542341061325716,15.097978961039091,1.6697322787161975e-51,sigma,-56.83558728509881,37.417793642549405,NL63_S1,Variation,rho_05,Direct
6.386333400042983,2.2773076546431077,2.804334929021186,0.005042049835723745,rho_m,-71.07193922733893,44.535969613669465,NL63_S1,Variation,rho_05,Laddered
0.6270515311601018,NA,NA,NA,l43,-71.07193922733893,44.535969613669465,NL63_S1,Variation,rho_05,Laddered
1.4502898012204748,NA,NA,NA,l32,-71.07193922733893,44.535969613669465,NL63_S1,Variation,rho_05,Laddered
0.0125,0.4052825506507607,0.030842679952366066,0.9753950029170366,l21,-71.07193922733893,44.535969613669465,NL63_S1,Variation,rho_05,Laddered
0.0125,0.984897087123379,0.012691681357804761,0.9898737752480221,l10,-71.07193922733893,44.535969613669465,NL63_S1,Variation,rho_05,Laddered
1,NA,NA,NA,b0,-71.07193922733893,44.535969613669465,NL63_S1,Variation,rho_05,Laddered
1,NA,NA,NA,b1,-71.07193922733893,44.535969613669465,NL63_S1,Variation,rho_05,Laddered
1,NA,NA,NA,b2,-71.07193922733893,44.535969613669465,NL63_S1,Variation,rho_05,Laddered
0.1637195778346773,0.014448012452036958,11.331633217937547,9.148279498808927e-30,sigma,-71.07193922733893,44.535969613669465,NL63_S1,Variation,rho_05,Laddered
11.132743303022739,5.866658335370323,1.897629394216291,0.05774491946994826,rho_m,-63.238589964528416,40.61929498226421,OC43_HE,Variation,rho_05,Direct
0.5269655377512679,8.608422102722662,0.061215113694831465,0.9511878933182532,l43,-63.238589964528416,40.61929498226421,OC43_HE,Variation,rho_05,Direct
1.5268782545953794,29.535705890801676,0.05169601363991426,0.9587709136488857,l32,-63.238589964528416,40.61929498226421,OC43_HE,Variation,rho_05,Direct
1.5167935938552384,1.540631999256692,0.9845268659790561,0.3248565285604338,l21,-63.238589964528416,40.61929498226421,OC43_HE,Variation,rho_05,Direct
0.9341304792738762,3.4144960537122047,0.27357784709058286,0.7844090601739586,l10,-63.238589964528416,40.61929498226421,OC43_HE,Variation,rho_05,Direct
1.6168155250939795,12.45683278850743,0.1297934677734167,0.896729831158884,b0,-63.238589964528416,40.61929498226421,OC43_HE,Variation,rho_05,Direct
1.136690626447379,32.088296876324975,0.035423837881718157,0.9717417767572083,b1,-63.238589964528416,40.61929498226421,OC43_HE,Variation,rho_05,Direct
1.830253620804876,2.4802380817580554,0.7379346500105127,0.4605541617111765,b2,-63.238589964528416,40.61929498226421,OC43_HE,Variation,rho_05,Direct
0.16996850606316102,0.011207586103988837,15.165487419513857,5.985292244350325e-52,sigma,-63.238589964528416,40.61929498226421,OC43_HE,Variation,rho_05,Direct
5.919204595343695,1.6473935249290972,3.5930726361198086,3.2680144118681374e-4,rho_m,-98.61334568119656,58.30667284059828,OC43_HE,Variation,rho_05,Laddered
1.4487416260490469,NA,NA,NA,l43,-98.61334568119656,58.30667284059828,OC43_HE,Variation,rho_05,Laddered
0.17194319897154733,0.1654102241147616,1.0394955928011629,0.298574306692337,l32,-98.61334568119656,58.30667284059828,OC43_HE,Variation,rho_05,Laddered
0.0125,0.4116309853843947,0.030367004535207878,0.9757743592798803,l21,-98.61334568119656,58.30667284059828,OC43_HE,Variation,rho_05,Laddered
0.0125,0.7797155268176662,0.0160314878568823,0.9872092712425298,l10,-98.61334568119656,58.30667284059828,OC43_HE,Variation,rho_05,Laddered
1,NA,NA,NA,b0,-98.61334568119656,58.30667284059828,OC43_HE,Variation,rho_05,Laddered
1,NA,NA,NA,b1,-98.61334568119656,58.30667284059828,OC43_HE,Variation,rho_05,Laddered
1,NA,NA,NA,b2,-98.61334568119656,58.30667284059828,OC43_HE,Variation,rho_05,Laddered
0.1457372934199099,0.010929937132466374,13.33377234046577,1.4725892028605124e-40,sigma,-98.61334568119656,58.30667284059828,OC43_HE,Variation,rho_05,Laddered
5.808536147409025,1.3938842116017631,4.167158289808179,3.084203423421014e-5,rho_m,-163.67217678462325,92.83608839231162,HKU1_S1,Variation,rho_95,Direct
0.0125,0.06033182434589179,0.2071875023757867,0.835863427217102,l54,-163.67217678462325,92.83608839231162,HKU1_S1,Variation,rho_95,Direct
0.33135955160689945,2.433554896924334,0.13616276009458042,0.8916926140665788,l43,-163.67217678462325,92.83608839231162,HKU1_S1,Variation,rho_95,Direct
0.2345002875043028,2.3867499924905053,0.09825088016847901,0.921733081335254,l32,-163.67217678462325,92.83608839231162,HKU1_S1,Variation,rho_95,Direct
0.15644492187322134,1.265468722168076,0.12362606766383813,0.9016113518011565,l21,-163.67217678462325,92.83608839231162,HKU1_S1,Variation,rho_95,Direct
0.06900538124136942,0.18236641481762494,0.37838864853694726,0.7051418996014726,l10,-163.67217678462325,92.83608839231162,HKU1_S1,Variation,rho_95,Direct
1,4.279405799542412,0.2336773016727995,0.8152355105740596,b0,-163.67217678462325,92.83608839231162,HKU1_S1,Variation,rho_95,Direct
1,4.027950444970704,0.24826521916340832,0.803929207797393,b1,-163.67217678462325,92.83608839231162,HKU1_S1,Variation,rho_95,Direct
1,1.972477168162055,0.5069767174703448,0.6121711549308615,b2,-163.67217678462325,92.83608839231162,HKU1_S1,Variation,rho_95,Direct
1,3.444843488048439,0.29028895027289514,0.7715951914876354,b3,-163.67217678462325,92.83608839231162,HKU1_S1,Variation,rho_95,Direct
0.11581866479945294,0.007368157622437781,15.718809332574228,1.124164623329528e-55,sigma,-163.67217678462325,92.83608839231162,HKU1_S1,Variation,rho_95,Direct
5.285208111452418,0.9972327299637752,5.299874294784132,1.1588243839246291e-7,rho_m,-234.26752714808197,128.13376357404098,HKU1_S1,Variation,rho_95,Laddered
0.0125,NA,NA,NA,l54,-234.26752714808197,128.13376357404098,HKU1_S1,Variation,rho_95,Laddered
0.27242911018343174,NA,NA,NA,l43,-234.26752714808197,128.13376357404098,HKU1_S1,Variation,rho_95,Laddered
0.0125,0.030425727556310466,0.4108365190894977,0.681192413110427,l32,-234.26752714808197,128.13376357404098,HKU1_S1,Variation,rho_95,Laddered
0.0125,0.04307098188414586,0.2902185985363191,0.7716490086537184,l21,-234.26752714808197,128.13376357404098,HKU1_S1,Variation,rho_95,Laddered
0.0125,0.05639027844802147,0.22166941437471446,0.8245712415672102,l10,-234.26752714808197,128.13376357404098,HKU1_S1,Variation,rho_95,Laddered
1,NA,NA,NA,b0,-234.26752714808197,128.13376357404098,HKU1_S1,Variation,rho_95,Laddered
1,NA,NA,NA,b1,-234.26752714808197,128.13376357404098,HKU1_S1,Variation,rho_95,Laddered
1,NA,NA,NA,b2,-234.26752714808197,128.13376357404098,HKU1_S1,Variation,rho_95,Laddered
1,NA,NA,NA,b3,-234.26752714808197,128.13376357404098,HKU1_S1,Variation,rho_95,Laddered
0.08752069310997687,0.007221457038612261,12.11953386165898,8.323116847386175e-34,sigma,-234.26752714808197,128.13376357404098,HKU1_S1,Variation,rho_95,Laddered
5.520690119093028,1.248521054917513,4.421783755547293,9.788940054297226e-6,rho_m,-120.13187949059295,69.06593974529648,a_229E_S1,Variation,rho_95,Direct
0.05714852146077167,0.1540072864942425,0.3710767377419389,0.7105803766704788,l43,-120.13187949059295,69.06593974529648,a_229E_S1,Variation,rho_95,Direct
0.18651703362679647,0.4977513378009593,0.3747193015107091,0.7078692359655177,l32,-120.13187949059295,69.06593974529648,a_229E_S1,Variation,rho_95,Direct
0.20668789871649004,0.2885516717582675,0.7162942340865786,0.4738096863428583,l21,-120.13187949059295,69.06593974529648,a_229E_S1,Variation,rho_95,Direct
0.10013174737463496,NA,NA,NA,l10,-120.13187949059295,69.06593974529648,a_229E_S1,Variation,rho_95,Direct
1,NA,NA,NA,b0,-120.13187949059295,69.06593974529648,a_229E_S1,Variation,rho_95,Direct
1.2520397274883643,NA,NA,NA,b1,-120.13187949059295,69.06593974529648,a_229E_S1,Variation,rho_95,Direct
2.8026577842789933,8.928277562792772,0.3139080034830727,0.7535909115206214,b2,-120.13187949059295,69.06593974529648,a_229E_S1,Variation,rho_95,Direct
0.1312915123898859,0.008743238021456289,15.016348870714808,5.738257009418643e-51,sigma,-120.13187949059295,69.06593974529648,a_229E_S1,Variation,rho_95,Direct
5.129777586764037,0.7441078606826251,6.893862916671937,5.429735031160139e-12,rho_m,-226.8862123354868,122.4431061677434,a_229E_S1,Variation,rho_95,Laddered
0.1726848380656695,NA,NA,NA,l43,-226.8862123354868,122.4431061677434,a_229E_S1,Variation,rho_95,Laddered
0.048314991198449446,NA,NA,NA,l32,-226.8862123354868,122.4431061677434,a_229E_S1,Variation,rho_95,Laddered
0.0125,0.026869558044311143,0.4652104801793164,0.6417807343512767,l21,-226.8862123354868,122.4431061677434,a_229E_S1,Variation,rho_95,Laddered
0.0125,0.04087708617981624,0.3057947903872877,0.7597608952628522,l10,-226.8862123354868,122.4431061677434,a_229E_S1,Variation,rho_95,Laddered
1,NA,NA,NA,b0,-226.8862123354868,122.4431061677434,a_229E_S1,Variation,rho_95,Laddered
1,NA,NA,NA,b1,-226.8862123354868,122.4431061677434,a_229E_S1,Variation,rho_95,Laddered
1,NA,NA,NA,b2,-226.8862123354868,122.4431061677434,a_229E_S1,Variation,rho_95,Laddered
0.08187998450410515,0.004823252995944877,16.976091565784603,1.234376317069592e-64,sigma,-226.8862123354868,122.4431061677434,a_229E_S1,Variation,rho_95,Laddered
7.470314797745378,1.9770481502965975,3.7785194035990872,1.5776356161185305e-4,rho_m,-155.49237994031327,86.74618997015664,NL63_S1,Variation,rho_95,Direct
0.0125,NA,NA,NA,l43,-155.49237994031327,86.74618997015664,NL63_S1,Variation,rho_95,Direct
0.3894042394133235,0.3690288789844674,1.0552134577785002,0.29132771058236906,l32,-155.49237994031327,86.74618997015664,NL63_S1,Variation,rho_95,Direct
0.3789941644523409,0.17968399407697885,2.109226068794837,0.03492507276525986,l21,-155.49237994031327,86.74618997015664,NL63_S1,Variation,rho_95,Direct
0.1379763139266352,0.06317446983332428,2.1840517900769663,0.028958442654504396,l10,-155.49237994031327,86.74618997015664,NL63_S1,Variation,rho_95,Direct
1,NA,NA,NA,b0,-155.49237994031327,86.74618997015664,NL63_S1,Variation,rho_95,Direct
1,NA,NA,NA,b1,-155.49237994031327,86.74618997015664,NL63_S1,Variation,rho_95,Direct
7.45304951901622,NA,NA,NA,b2,-155.49237994031327,86.74618997015664,NL63_S1,Variation,rho_95,Direct
0.11305935555595406,0.0074247007272252065,15.227462992734944,2.324375016766643e-52,sigma,-155.49237994031327,86.74618997015664,NL63_S1,Variation,rho_95,Direct
7.6459019064210985,1.6253714601635625,4.704095090762628,2.5499438778008334e-6,rho_m,-229.93365728801513,123.96682864400756,NL63_S1,Variation,rho_95,Laddered
0.0125,7.705946131980342e-4,16.22123978796571,3.56916812064625e-59,l43,-229.93365728801513,123.96682864400756,NL63_S1,Variation,rho_95,Laddered
0.2795675389424129,NA,NA,NA,l32,-229.93365728801513,123.96682864400756,NL63_S1,Variation,rho_95,Laddered
0.0125,0.03139340093569346,0.39817285249231577,0.6905027756712243,l21,-229.93365728801513,123.96682864400756,NL63_S1,Variation,rho_95,Laddered
0.0125,0.05467948308524653,0.2286049409156305,0.819175983962435,l10,-229.93365728801513,123.96682864400756,NL63_S1,Variation,rho_95,Laddered
1,NA,NA,NA,b0,-229.93365728801513,123.96682864400756,NL63_S1,Variation,rho_95,Laddered
1,NA,NA,NA,b1,-229.93365728801513,123.96682864400756,NL63_S1,Variation,rho_95,Laddered
9.999581710756303,NA,NA,NA,b2,-229.93365728801513,123.96682864400756,NL63_S1,Variation,rho_95,Laddered
0.08156430399286813,0.00430632967345293,18.94056195829236,5.283022348218574e-80,sigma,-229.93365728801513,123.96682864400756,NL63_S1,Variation,rho_95,Laddered
6.388523971174309,1.430010348768636,4.467466949924794,7.915123497027366e-6,rho_m,-161.08677303584918,89.54338651792459,OC43_HE,Variation,rho_95,Direct
0.02961159458785887,0.19017781407839088,0.1557047794000463,0.8762657297064177,l43,-161.08677303584918,89.54338651792459,OC43_HE,Variation,rho_95,Direct
0.06491724992334824,0.1643769917275328,0.3949290544929393,0.692895246888398,l32,-161.08677303584918,89.54338651792459,OC43_HE,Variation,rho_95,Direct
0.11550397007822012,NA,NA,NA,l21,-161.08677303584918,89.54338651792459,OC43_HE,Variation,rho_95,Direct
0.13961769448425504,NA,NA,NA,l10,-161.08677303584918,89.54338651792459,OC43_HE,Variation,rho_95,Direct
2.0932889329821665,NA,NA,NA,b0,-161.08677303584918,89.54338651792459,OC43_HE,Variation,rho_95,Direct
2.4913705750448556,NA,NA,NA,b1,-161.08677303584918,89.54338651792459,OC43_HE,Variation,rho_95,Direct
1.5741940553389286,11.98127129299844,0.13138789839929998,0.8954684613528148,b2,-161.08677303584918,89.54338651792459,OC43_HE,Variation,rho_95,Direct
0.11105652741584293,0.007302289788668214,15.208452503238348,3.1080349284250762e-52,sigma,-161.08677303584918,89.54338651792459,OC43_HE,Variation,rho_95,Direct
6.52406672732471,0.8492518862816191,7.682133926001401,1.564601389796222e-14,rho_m,-309.0244786973882,163.5122393486941,OC43_HE,Variation,rho_95,Laddered
0.14512981785091628,NA,NA,NA,l43,-309.0244786973882,163.5122393486941,OC43_HE,Variation,rho_95,Laddered
0.15392921391413134,0.03760899206215736,4.092883256741593,4.260422486564549e-5,l32,-309.0244786973882,163.5122393486941,OC43_HE,Variation,rho_95,Laddered
0.03303672144330997,0.02838480520530878,1.163887551961468,0.24446958485824882,l21,-309.0244786973882,163.5122393486941,OC43_HE,Variation,rho_95,Laddered
0.0125,0.032659441848966235,0.38273771051588446,0.7019142506564175,l10,-309.0244786973882,163.5122393486941,OC43_HE,Variation,rho_95,Laddered
1,NA,NA,NA,b0,-309.0244786973882,163.5122393486941,OC43_HE,Variation,rho_95,Laddered
1,NA,NA,NA,b1,-309.0244786973882,163.5122393486941,OC43_HE,Variation,rho_95,Laddered
1,NA,NA,NA,b2,-309.0244786973882,163.5122393486941,OC43_HE,Variation,rho_95,Laddered
0.05837984474893301,0.004099428445750017,14.240971765090057,5.101271837445211e-46,sigma,-309.0244786973882,163.5122393486941,OC43_HE,Variation,rho_95,Laddered
